intersection_id,tollgate_id,time_window,avg_travel_time
B,3,"[2016-10-18 08:00:00,2016-10-18 08:20:00)",24.04
B,3,"[2016-10-18 08:20:00,2016-10-18 08:40:00)",24.04
B,3,"[2016-10-18 08:40:00,2016-10-18 09:00:00)",24.04
B,3,"[2016-10-18 09:00:00,2016-10-18 09:20:00)",53.72
B,3,"[2016-10-18 09:20:00,2016-10-18 09:40:00)",53.72
B,3,"[2016-10-18 09:40:00,2016-10-18 10:00:00)",53.72
B,3,"[2016-10-18 17:00:00,2016-10-18 17:20:00)",95.48
B,3,"[2016-10-18 17:20:00,2016-10-18 17:40:00)",95.48
B,3,"[2016-10-18 17:40:00,2016-10-18 18:00:00)",95.48
B,3,"[2016-10-18 18:00:00,2016-10-18 18:20:00)",87.11
B,3,"[2016-10-18 18:20:00,2016-10-18 18:40:00)",87.11
B,3,"[2016-10-18 18:40:00,2016-10-18 19:00:00)",87.11
B,3,"[2016-10-19 08:00:00,2016-10-19 08:20:00)",23.85
B,3,"[2016-10-19 08:20:00,2016-10-19 08:40:00)",23.85
B,3,"[2016-10-19 08:40:00,2016-10-19 09:00:00)",23.85
B,3,"[2016-10-19 09:00:00,2016-10-19 09:20:00)",31.64
B,3,"[2016-10-19 09:20:00,2016-10-19 09:40:00)",31.64
B,3,"[2016-10-19 09:40:00,2016-10-19 10:00:00)",31.64
B,3,"[2016-10-19 17:00:00,2016-10-19 17:20:00)",89.9
B,3,"[2016-10-19 17:20:00,2016-10-19 17:40:00)",89.9
B,3,"[2016-10-19 17:40:00,2016-10-19 18:00:00)",89.9
B,3,"[2016-10-19 18:00:00,2016-10-19 18:20:00)",81.98
B,3,"[2016-10-19 18:20:00,2016-10-19 18:40:00)",81.98
B,3,"[2016-10-19 18:40:00,2016-10-19 19:00:00)",81.98
B,3,"[2016-10-20 08:00:00,2016-10-20 08:20:00)",23.92
B,3,"[2016-10-20 08:20:00,2016-10-20 08:40:00)",23.92
B,3,"[2016-10-20 08:40:00,2016-10-20 09:00:00)",23.92
B,3,"[2016-10-20 09:00:00,2016-10-20 09:20:00)",45.16
B,3,"[2016-10-20 09:20:00,2016-10-20 09:40:00)",45.16
B,3,"[2016-10-20 09:40:00,2016-10-20 10:00:00)",45.16
B,3,"[2016-10-20 17:00:00,2016-10-20 17:20:00)",87.52
B,3,"[2016-10-20 17:20:00,2016-10-20 17:40:00)",87.52
B,3,"[2016-10-20 17:40:00,2016-10-20 18:00:00)",87.52
B,3,"[2016-10-20 18:00:00,2016-10-20 18:20:00)",79.9
B,3,"[2016-10-20 18:20:00,2016-10-20 18:40:00)",79.9
B,3,"[2016-10-20 18:40:00,2016-10-20 19:00:00)",79.9
B,3,"[2016-10-21 08:00:00,2016-10-21 08:20:00)",32.48
B,3,"[2016-10-21 08:20:00,2016-10-21 08:40:00)",32.48
B,3,"[2016-10-21 08:40:00,2016-10-21 09:00:00)",32.48
B,3,"[2016-10-21 09:00:00,2016-10-21 09:20:00)",58.46
B,3,"[2016-10-21 09:20:00,2016-10-21 09:40:00)",58.46
B,3,"[2016-10-21 09:40:00,2016-10-21 10:00:00)",58.46
B,3,"[2016-10-21 17:00:00,2016-10-21 17:20:00)",80.69
B,3,"[2016-10-21 17:20:00,2016-10-21 17:40:00)",80.69
B,3,"[2016-10-21 17:40:00,2016-10-21 18:00:00)",80.69
B,3,"[2016-10-21 18:00:00,2016-10-21 18:20:00)",73.35
B,3,"[2016-10-21 18:20:00,2016-10-21 18:40:00)",73.35
B,3,"[2016-10-21 18:40:00,2016-10-21 19:00:00)",73.35
B,3,"[2016-10-22 08:00:00,2016-10-22 08:20:00)",40.55
B,3,"[2016-10-22 08:20:00,2016-10-22 08:40:00)",40.55
B,3,"[2016-10-22 08:40:00,2016-10-22 09:00:00)",40.55
B,3,"[2016-10-22 09:00:00,2016-10-22 09:20:00)",58.92
B,3,"[2016-10-22 09:20:00,2016-10-22 09:40:00)",58.92
B,3,"[2016-10-22 09:40:00,2016-10-22 10:00:00)",58.92
B,3,"[2016-10-22 17:00:00,2016-10-22 17:20:00)",62.35
B,3,"[2016-10-22 17:20:00,2016-10-22 17:40:00)",62.35
B,3,"[2016-10-22 17:40:00,2016-10-22 18:00:00)",62.35
B,3,"[2016-10-22 18:00:00,2016-10-22 18:20:00)",60.59
B,3,"[2016-10-22 18:20:00,2016-10-22 18:40:00)",60.59
B,3,"[2016-10-22 18:40:00,2016-10-22 19:00:00)",60.59
B,3,"[2016-10-23 08:00:00,2016-10-23 08:20:00)",23.51
B,3,"[2016-10-23 08:20:00,2016-10-23 08:40:00)",23.51
B,3,"[2016-10-23 08:40:00,2016-10-23 09:00:00)",23.51
B,3,"[2016-10-23 09:00:00,2016-10-23 09:20:00)",24.61
B,3,"[2016-10-23 09:20:00,2016-10-23 09:40:00)",24.61
B,3,"[2016-10-23 09:40:00,2016-10-23 10:00:00)",24.61
B,3,"[2016-10-23 17:00:00,2016-10-23 17:20:00)",73.74
B,3,"[2016-10-23 17:20:00,2016-10-23 17:40:00)",73.74
B,3,"[2016-10-23 17:40:00,2016-10-23 18:00:00)",73.74
B,3,"[2016-10-23 18:00:00,2016-10-23 18:20:00)",65.89
B,3,"[2016-10-23 18:20:00,2016-10-23 18:40:00)",65.89
B,3,"[2016-10-23 18:40:00,2016-10-23 19:00:00)",65.89
B,3,"[2016-10-24 08:00:00,2016-10-24 08:20:00)",59.91
B,3,"[2016-10-24 08:20:00,2016-10-24 08:40:00)",59.91
B,3,"[2016-10-24 08:40:00,2016-10-24 09:00:00)",59.91
B,3,"[2016-10-24 09:00:00,2016-10-24 09:20:00)",82.46
B,3,"[2016-10-24 09:20:00,2016-10-24 09:40:00)",82.46
B,3,"[2016-10-24 09:40:00,2016-10-24 10:00:00)",82.46
B,3,"[2016-10-24 17:00:00,2016-10-24 17:20:00)",68.66
B,3,"[2016-10-24 17:20:00,2016-10-24 17:40:00)",68.66
B,3,"[2016-10-24 17:40:00,2016-10-24 18:00:00)",68.66
B,3,"[2016-10-24 18:00:00,2016-10-24 18:20:00)",60.89
B,3,"[2016-10-24 18:20:00,2016-10-24 18:40:00)",60.89
B,3,"[2016-10-24 18:40:00,2016-10-24 19:00:00)",60.89
B,1,"[2016-10-18 08:00:00,2016-10-18 08:20:00)",23.66
B,1,"[2016-10-18 08:20:00,2016-10-18 08:40:00)",23.66
B,1,"[2016-10-18 08:40:00,2016-10-18 09:00:00)",23.66
B,1,"[2016-10-18 09:00:00,2016-10-18 09:20:00)",56.49
B,1,"[2016-10-18 09:20:00,2016-10-18 09:40:00)",56.49
B,1,"[2016-10-18 09:40:00,2016-10-18 10:00:00)",56.49
B,1,"[2016-10-18 17:00:00,2016-10-18 17:20:00)",97.68
B,1,"[2016-10-18 17:20:00,2016-10-18 17:40:00)",97.68
B,1,"[2016-10-18 17:40:00,2016-10-18 18:00:00)",97.68
B,1,"[2016-10-18 18:00:00,2016-10-18 18:20:00)",87.27
B,1,"[2016-10-18 18:20:00,2016-10-18 18:40:00)",87.27
B,1,"[2016-10-18 18:40:00,2016-10-18 19:00:00)",87.27
B,1,"[2016-10-19 08:00:00,2016-10-19 08:20:00)",23.46
B,1,"[2016-10-19 08:20:00,2016-10-19 08:40:00)",23.46
B,1,"[2016-10-19 08:40:00,2016-10-19 09:00:00)",23.46
B,1,"[2016-10-19 09:00:00,2016-10-19 09:20:00)",62.23
B,1,"[2016-10-19 09:20:00,2016-10-19 09:40:00)",62.23
B,1,"[2016-10-19 09:40:00,2016-10-19 10:00:00)",62.23
B,1,"[2016-10-19 17:00:00,2016-10-19 17:20:00)",96.14
B,1,"[2016-10-19 17:20:00,2016-10-19 17:40:00)",96.14
B,1,"[2016-10-19 17:40:00,2016-10-19 18:00:00)",96.14
B,1,"[2016-10-19 18:00:00,2016-10-19 18:20:00)",87.18
B,1,"[2016-10-19 18:20:00,2016-10-19 18:40:00)",87.18
B,1,"[2016-10-19 18:40:00,2016-10-19 19:00:00)",87.18
B,1,"[2016-10-20 08:00:00,2016-10-20 08:20:00)",23.65
B,1,"[2016-10-20 08:20:00,2016-10-20 08:40:00)",23.65
B,1,"[2016-10-20 08:40:00,2016-10-20 09:00:00)",23.65
B,1,"[2016-10-20 09:00:00,2016-10-20 09:20:00)",35.02
B,1,"[2016-10-20 09:20:00,2016-10-20 09:40:00)",35.02
B,1,"[2016-10-20 09:40:00,2016-10-20 10:00:00)",35.02
B,1,"[2016-10-20 17:00:00,2016-10-20 17:20:00)",27.27
B,1,"[2016-10-20 17:20:00,2016-10-20 17:40:00)",27.27
B,1,"[2016-10-20 17:40:00,2016-10-20 18:00:00)",27.27
B,1,"[2016-10-20 18:00:00,2016-10-20 18:20:00)",24.04
B,1,"[2016-10-20 18:20:00,2016-10-20 18:40:00)",24.04
B,1,"[2016-10-20 18:40:00,2016-10-20 19:00:00)",24.04
B,1,"[2016-10-21 08:00:00,2016-10-21 08:20:00)",35.15
B,1,"[2016-10-21 08:20:00,2016-10-21 08:40:00)",35.15
B,1,"[2016-10-21 08:40:00,2016-10-21 09:00:00)",35.15
B,1,"[2016-10-21 09:00:00,2016-10-21 09:20:00)",56.27
B,1,"[2016-10-21 09:20:00,2016-10-21 09:40:00)",56.27
B,1,"[2016-10-21 09:40:00,2016-10-21 10:00:00)",56.27
B,1,"[2016-10-21 17:00:00,2016-10-21 17:20:00)",38.01
B,1,"[2016-10-21 17:20:00,2016-10-21 17:40:00)",38.01
B,1,"[2016-10-21 17:40:00,2016-10-21 18:00:00)",38.01
B,1,"[2016-10-21 18:00:00,2016-10-21 18:20:00)",25.15
B,1,"[2016-10-21 18:20:00,2016-10-21 18:40:00)",25.15
B,1,"[2016-10-21 18:40:00,2016-10-21 19:00:00)",25.15
B,1,"[2016-10-22 08:00:00,2016-10-22 08:20:00)",23.59
B,1,"[2016-10-22 08:20:00,2016-10-22 08:40:00)",23.59
B,1,"[2016-10-22 08:40:00,2016-10-22 09:00:00)",23.59
B,1,"[2016-10-22 09:00:00,2016-10-22 09:20:00)",23.66
B,1,"[2016-10-22 09:20:00,2016-10-22 09:40:00)",23.66
B,1,"[2016-10-22 09:40:00,2016-10-22 10:00:00)",23.66
B,1,"[2016-10-22 17:00:00,2016-10-22 17:20:00)",44.81
B,1,"[2016-10-22 17:20:00,2016-10-22 17:40:00)",44.81
B,1,"[2016-10-22 17:40:00,2016-10-22 18:00:00)",44.81
B,1,"[2016-10-22 18:00:00,2016-10-22 18:20:00)",39.07
B,1,"[2016-10-22 18:20:00,2016-10-22 18:40:00)",39.07
B,1,"[2016-10-22 18:40:00,2016-10-22 19:00:00)",39.07
B,1,"[2016-10-23 08:00:00,2016-10-23 08:20:00)",24.49
B,1,"[2016-10-23 08:20:00,2016-10-23 08:40:00)",24.49
B,1,"[2016-10-23 08:40:00,2016-10-23 09:00:00)",24.49
B,1,"[2016-10-23 09:00:00,2016-10-23 09:20:00)",66.84
B,1,"[2016-10-23 09:20:00,2016-10-23 09:40:00)",66.84
B,1,"[2016-10-23 09:40:00,2016-10-23 10:00:00)",66.84
B,1,"[2016-10-23 17:00:00,2016-10-23 17:20:00)",62.57
B,1,"[2016-10-23 17:20:00,2016-10-23 17:40:00)",62.57
B,1,"[2016-10-23 17:40:00,2016-10-23 18:00:00)",62.57
B,1,"[2016-10-23 18:00:00,2016-10-23 18:20:00)",58.39
B,1,"[2016-10-23 18:20:00,2016-10-23 18:40:00)",58.39
B,1,"[2016-10-23 18:40:00,2016-10-23 19:00:00)",58.39
B,1,"[2016-10-24 08:00:00,2016-10-24 08:20:00)",23.65
B,1,"[2016-10-24 08:20:00,2016-10-24 08:40:00)",23.65
B,1,"[2016-10-24 08:40:00,2016-10-24 09:00:00)",23.65
B,1,"[2016-10-24 09:00:00,2016-10-24 09:20:00)",46.74
B,1,"[2016-10-24 09:20:00,2016-10-24 09:40:00)",46.74
B,1,"[2016-10-24 09:40:00,2016-10-24 10:00:00)",46.74
B,1,"[2016-10-24 17:00:00,2016-10-24 17:20:00)",40.52
B,1,"[2016-10-24 17:20:00,2016-10-24 17:40:00)",40.52
B,1,"[2016-10-24 17:40:00,2016-10-24 18:00:00)",40.52
B,1,"[2016-10-24 18:00:00,2016-10-24 18:20:00)",24.57
B,1,"[2016-10-24 18:20:00,2016-10-24 18:40:00)",24.57
B,1,"[2016-10-24 18:40:00,2016-10-24 19:00:00)",24.57
A,2,"[2016-10-18 08:00:00,2016-10-18 08:20:00)",27.4
A,2,"[2016-10-18 08:20:00,2016-10-18 08:40:00)",27.4
A,2,"[2016-10-18 08:40:00,2016-10-18 09:00:00)",27.4
A,2,"[2016-10-18 09:00:00,2016-10-18 09:20:00)",50.25
A,2,"[2016-10-18 09:20:00,2016-10-18 09:40:00)",50.25
A,2,"[2016-10-18 09:40:00,2016-10-18 10:00:00)",50.25
A,2,"[2016-10-18 17:00:00,2016-10-18 17:20:00)",65.07
A,2,"[2016-10-18 17:20:00,2016-10-18 17:40:00)",65.07
A,2,"[2016-10-18 17:40:00,2016-10-18 18:00:00)",65.07
A,2,"[2016-10-18 18:00:00,2016-10-18 18:20:00)",62.41
A,2,"[2016-10-18 18:20:00,2016-10-18 18:40:00)",62.41
A,2,"[2016-10-18 18:40:00,2016-10-18 19:00:00)",62.41
A,2,"[2016-10-19 08:00:00,2016-10-19 08:20:00)",24.86
A,2,"[2016-10-19 08:20:00,2016-10-19 08:40:00)",24.86
A,2,"[2016-10-19 08:40:00,2016-10-19 09:00:00)",24.86
A,2,"[2016-10-19 09:00:00,2016-10-19 09:20:00)",49.69
A,2,"[2016-10-19 09:20:00,2016-10-19 09:40:00)",49.69
A,2,"[2016-10-19 09:40:00,2016-10-19 10:00:00)",49.69
A,2,"[2016-10-19 17:00:00,2016-10-19 17:20:00)",69.01
A,2,"[2016-10-19 17:20:00,2016-10-19 17:40:00)",69.01
A,2,"[2016-10-19 17:40:00,2016-10-19 18:00:00)",69.01
A,2,"[2016-10-19 18:00:00,2016-10-19 18:20:00)",65.21
A,2,"[2016-10-19 18:20:00,2016-10-19 18:40:00)",65.21
A,2,"[2016-10-19 18:40:00,2016-10-19 19:00:00)",65.21
A,2,"[2016-10-20 08:00:00,2016-10-20 08:20:00)",24.06
A,2,"[2016-10-20 08:20:00,2016-10-20 08:40:00)",24.06
A,2,"[2016-10-20 08:40:00,2016-10-20 09:00:00)",24.06
A,2,"[2016-10-20 09:00:00,2016-10-20 09:20:00)",24.63
A,2,"[2016-10-20 09:20:00,2016-10-20 09:40:00)",24.63
A,2,"[2016-10-20 09:40:00,2016-10-20 10:00:00)",24.63
A,2,"[2016-10-20 17:00:00,2016-10-20 17:20:00)",55.58
A,2,"[2016-10-20 17:20:00,2016-10-20 17:40:00)",55.58
A,2,"[2016-10-20 17:40:00,2016-10-20 18:00:00)",55.58
A,2,"[2016-10-20 18:00:00,2016-10-20 18:20:00)",45.53
A,2,"[2016-10-20 18:20:00,2016-10-20 18:40:00)",45.53
A,2,"[2016-10-20 18:40:00,2016-10-20 19:00:00)",45.53
A,2,"[2016-10-21 08:00:00,2016-10-21 08:20:00)",45.31
A,2,"[2016-10-21 08:20:00,2016-10-21 08:40:00)",45.31
A,2,"[2016-10-21 08:40:00,2016-10-21 09:00:00)",45.31
A,2,"[2016-10-21 09:00:00,2016-10-21 09:20:00)",58.59
A,2,"[2016-10-21 09:20:00,2016-10-21 09:40:00)",58.59
A,2,"[2016-10-21 09:40:00,2016-10-21 10:00:00)",58.59
A,2,"[2016-10-21 17:00:00,2016-10-21 17:20:00)",57.3
A,2,"[2016-10-21 17:20:00,2016-10-21 17:40:00)",57.3
A,2,"[2016-10-21 17:40:00,2016-10-21 18:00:00)",57.3
A,2,"[2016-10-21 18:00:00,2016-10-21 18:20:00)",54.01
A,2,"[2016-10-21 18:20:00,2016-10-21 18:40:00)",54.01
A,2,"[2016-10-21 18:40:00,2016-10-21 19:00:00)",54.01
A,2,"[2016-10-22 08:00:00,2016-10-22 08:20:00)",24.53
A,2,"[2016-10-22 08:20:00,2016-10-22 08:40:00)",24.53
A,2,"[2016-10-22 08:40:00,2016-10-22 09:00:00)",24.53
A,2,"[2016-10-22 09:00:00,2016-10-22 09:20:00)",26.25
A,2,"[2016-10-22 09:20:00,2016-10-22 09:40:00)",26.25
A,2,"[2016-10-22 09:40:00,2016-10-22 10:00:00)",26.25
A,2,"[2016-10-22 17:00:00,2016-10-22 17:20:00)",41.89
A,2,"[2016-10-22 17:20:00,2016-10-22 17:40:00)",41.89
A,2,"[2016-10-22 17:40:00,2016-10-22 18:00:00)",41.89
A,2,"[2016-10-22 18:00:00,2016-10-22 18:20:00)",36.59
A,2,"[2016-10-22 18:20:00,2016-10-22 18:40:00)",36.59
A,2,"[2016-10-22 18:40:00,2016-10-22 19:00:00)",36.59
A,2,"[2016-10-23 08:00:00,2016-10-23 08:20:00)",28.35
A,2,"[2016-10-23 08:20:00,2016-10-23 08:40:00)",28.35
A,2,"[2016-10-23 08:40:00,2016-10-23 09:00:00)",28.35
A,2,"[2016-10-23 09:00:00,2016-10-23 09:20:00)",43.56
A,2,"[2016-10-23 09:20:00,2016-10-23 09:40:00)",43.56
A,2,"[2016-10-23 09:40:00,2016-10-23 10:00:00)",43.56
A,2,"[2016-10-23 17:00:00,2016-10-23 17:20:00)",58.88
A,2,"[2016-10-23 17:20:00,2016-10-23 17:40:00)",58.88
A,2,"[2016-10-23 17:40:00,2016-10-23 18:00:00)",58.88
A,2,"[2016-10-23 18:00:00,2016-10-23 18:20:00)",57.36
A,2,"[2016-10-23 18:20:00,2016-10-23 18:40:00)",57.36
A,2,"[2016-10-23 18:40:00,2016-10-23 19:00:00)",57.36
A,2,"[2016-10-24 08:00:00,2016-10-24 08:20:00)",53.87
A,2,"[2016-10-24 08:20:00,2016-10-24 08:40:00)",53.87
A,2,"[2016-10-24 08:40:00,2016-10-24 09:00:00)",53.87
A,2,"[2016-10-24 09:00:00,2016-10-24 09:20:00)",64.01
A,2,"[2016-10-24 09:20:00,2016-10-24 09:40:00)",64.01
A,2,"[2016-10-24 09:40:00,2016-10-24 10:00:00)",64.01
A,2,"[2016-10-24 17:00:00,2016-10-24 17:20:00)",46.53
A,2,"[2016-10-24 17:20:00,2016-10-24 17:40:00)",46.53
A,2,"[2016-10-24 17:40:00,2016-10-24 18:00:00)",46.53
A,2,"[2016-10-24 18:00:00,2016-10-24 18:20:00)",36.18
A,2,"[2016-10-24 18:20:00,2016-10-24 18:40:00)",36.18
A,2,"[2016-10-24 18:40:00,2016-10-24 19:00:00)",36.18
A,3,"[2016-10-18 08:00:00,2016-10-18 08:20:00)",61.6
A,3,"[2016-10-18 08:20:00,2016-10-18 08:40:00)",61.6
A,3,"[2016-10-18 08:40:00,2016-10-18 09:00:00)",61.6
A,3,"[2016-10-18 09:00:00,2016-10-18 09:20:00)",79.82
A,3,"[2016-10-18 09:20:00,2016-10-18 09:40:00)",79.82
A,3,"[2016-10-18 09:40:00,2016-10-18 10:00:00)",79.82
A,3,"[2016-10-18 17:00:00,2016-10-18 17:20:00)",100.69
A,3,"[2016-10-18 17:20:00,2016-10-18 17:40:00)",100.69
A,3,"[2016-10-18 17:40:00,2016-10-18 18:00:00)",100.69
A,3,"[2016-10-18 18:00:00,2016-10-18 18:20:00)",96.83
A,3,"[2016-10-18 18:20:00,2016-10-18 18:40:00)",96.83
A,3,"[2016-10-18 18:40:00,2016-10-18 19:00:00)",96.83
A,3,"[2016-10-19 08:00:00,2016-10-19 08:20:00)",62.58
A,3,"[2016-10-19 08:20:00,2016-10-19 08:40:00)",62.58
A,3,"[2016-10-19 08:40:00,2016-10-19 09:00:00)",62.58
A,3,"[2016-10-19 09:00:00,2016-10-19 09:20:00)",81.78
A,3,"[2016-10-19 09:20:00,2016-10-19 09:40:00)",81.78
A,3,"[2016-10-19 09:40:00,2016-10-19 10:00:00)",81.78
A,3,"[2016-10-19 17:00:00,2016-10-19 17:20:00)",97.24
A,3,"[2016-10-19 17:20:00,2016-10-19 17:40:00)",97.24
A,3,"[2016-10-19 17:40:00,2016-10-19 18:00:00)",97.24
A,3,"[2016-10-19 18:00:00,2016-10-19 18:20:00)",94.55
A,3,"[2016-10-19 18:20:00,2016-10-19 18:40:00)",94.55
A,3,"[2016-10-19 18:40:00,2016-10-19 19:00:00)",94.55
A,3,"[2016-10-20 08:00:00,2016-10-20 08:20:00)",28.38
A,3,"[2016-10-20 08:20:00,2016-10-20 08:40:00)",28.38
A,3,"[2016-10-20 08:40:00,2016-10-20 09:00:00)",28.38
A,3,"[2016-10-20 09:00:00,2016-10-20 09:20:00)",61.09
A,3,"[2016-10-20 09:20:00,2016-10-20 09:40:00)",61.09
A,3,"[2016-10-20 09:40:00,2016-10-20 10:00:00)",61.09
A,3,"[2016-10-20 17:00:00,2016-10-20 17:20:00)",95.77
A,3,"[2016-10-20 17:20:00,2016-10-20 17:40:00)",95.77
A,3,"[2016-10-20 17:40:00,2016-10-20 18:00:00)",95.77
A,3,"[2016-10-20 18:00:00,2016-10-20 18:20:00)",92.88
A,3,"[2016-10-20 18:20:00,2016-10-20 18:40:00)",92.88
A,3,"[2016-10-20 18:40:00,2016-10-20 19:00:00)",92.88
A,3,"[2016-10-21 08:00:00,2016-10-21 08:20:00)",66.42
A,3,"[2016-10-21 08:20:00,2016-10-21 08:40:00)",66.42
A,3,"[2016-10-21 08:40:00,2016-10-21 09:00:00)",66.42
A,3,"[2016-10-21 09:00:00,2016-10-21 09:20:00)",82.54
A,3,"[2016-10-21 09:20:00,2016-10-21 09:40:00)",82.54
A,3,"[2016-10-21 09:40:00,2016-10-21 10:00:00)",82.54
A,3,"[2016-10-21 17:00:00,2016-10-21 17:20:00)",94.45
A,3,"[2016-10-21 17:20:00,2016-10-21 17:40:00)",94.45
A,3,"[2016-10-21 17:40:00,2016-10-21 18:00:00)",94.45
A,3,"[2016-10-21 18:00:00,2016-10-21 18:20:00)",92.35
A,3,"[2016-10-21 18:20:00,2016-10-21 18:40:00)",92.35
A,3,"[2016-10-21 18:40:00,2016-10-21 19:00:00)",92.35
A,3,"[2016-10-22 08:00:00,2016-10-22 08:20:00)",57.14
A,3,"[2016-10-22 08:20:00,2016-10-22 08:40:00)",57.14
A,3,"[2016-10-22 08:40:00,2016-10-22 09:00:00)",57.14
A,3,"[2016-10-22 09:00:00,2016-10-22 09:20:00)",63.17
A,3,"[2016-10-22 09:20:00,2016-10-22 09:40:00)",63.17
A,3,"[2016-10-22 09:40:00,2016-10-22 10:00:00)",63.17
A,3,"[2016-10-22 17:00:00,2016-10-22 17:20:00)",68.43
A,3,"[2016-10-22 17:20:00,2016-10-22 17:40:00)",68.43
A,3,"[2016-10-22 17:40:00,2016-10-22 18:00:00)",68.43
A,3,"[2016-10-22 18:00:00,2016-10-22 18:20:00)",65.79
A,3,"[2016-10-22 18:20:00,2016-10-22 18:40:00)",65.79
A,3,"[2016-10-22 18:40:00,2016-10-22 19:00:00)",65.79
A,3,"[2016-10-23 08:00:00,2016-10-23 08:20:00)",45.86
A,3,"[2016-10-23 08:20:00,2016-10-23 08:40:00)",45.86
A,3,"[2016-10-23 08:40:00,2016-10-23 09:00:00)",45.86
A,3,"[2016-10-23 09:00:00,2016-10-23 09:20:00)",64.54
A,3,"[2016-10-23 09:20:00,2016-10-23 09:40:00)",64.54
A,3,"[2016-10-23 09:40:00,2016-10-23 10:00:00)",64.54
A,3,"[2016-10-23 17:00:00,2016-10-23 17:20:00)",91.54
A,3,"[2016-10-23 17:20:00,2016-10-23 17:40:00)",91.54
A,3,"[2016-10-23 17:40:00,2016-10-23 18:00:00)",91.54
A,3,"[2016-10-23 18:00:00,2016-10-23 18:20:00)",88.41
A,3,"[2016-10-23 18:20:00,2016-10-23 18:40:00)",88.41
A,3,"[2016-10-23 18:40:00,2016-10-23 19:00:00)",88.41
A,3,"[2016-10-24 08:00:00,2016-10-24 08:20:00)",79.97
A,3,"[2016-10-24 08:20:00,2016-10-24 08:40:00)",79.97
A,3,"[2016-10-24 08:40:00,2016-10-24 09:00:00)",79.97
A,3,"[2016-10-24 09:00:00,2016-10-24 09:20:00)",93.6
A,3,"[2016-10-24 09:20:00,2016-10-24 09:40:00)",93.6
A,3,"[2016-10-24 09:40:00,2016-10-24 10:00:00)",93.6
A,3,"[2016-10-24 17:00:00,2016-10-24 17:20:00)",90.81
A,3,"[2016-10-24 17:20:00,2016-10-24 17:40:00)",90.81
A,3,"[2016-10-24 17:40:00,2016-10-24 18:00:00)",90.81
A,3,"[2016-10-24 18:00:00,2016-10-24 18:20:00)",86.64
A,3,"[2016-10-24 18:20:00,2016-10-24 18:40:00)",86.64
A,3,"[2016-10-24 18:40:00,2016-10-24 19:00:00)",86.64
C,3,"[2016-10-18 08:00:00,2016-10-18 08:20:00)",23.4
C,3,"[2016-10-18 08:20:00,2016-10-18 08:40:00)",23.4
C,3,"[2016-10-18 08:40:00,2016-10-18 09:00:00)",23.4
C,3,"[2016-10-18 09:00:00,2016-10-18 09:20:00)",23.75
C,3,"[2016-10-18 09:20:00,2016-10-18 09:40:00)",23.75
C,3,"[2016-10-18 09:40:00,2016-10-18 10:00:00)",23.75
C,3,"[2016-10-18 17:00:00,2016-10-18 17:20:00)",119.59
C,3,"[2016-10-18 17:20:00,2016-10-18 17:40:00)",119.59
C,3,"[2016-10-18 17:40:00,2016-10-18 18:00:00)",119.59
C,3,"[2016-10-18 18:00:00,2016-10-18 18:20:00)",108.4
C,3,"[2016-10-18 18:20:00,2016-10-18 18:40:00)",108.4
C,3,"[2016-10-18 18:40:00,2016-10-18 19:00:00)",108.4
C,3,"[2016-10-19 08:00:00,2016-10-19 08:20:00)",22.83
C,3,"[2016-10-19 08:20:00,2016-10-19 08:40:00)",22.83
C,3,"[2016-10-19 08:40:00,2016-10-19 09:00:00)",22.83
C,3,"[2016-10-19 09:00:00,2016-10-19 09:20:00)",23.33
C,3,"[2016-10-19 09:20:00,2016-10-19 09:40:00)",23.33
C,3,"[2016-10-19 09:40:00,2016-10-19 10:00:00)",23.33
C,3,"[2016-10-19 17:00:00,2016-10-19 17:20:00)",109.74
C,3,"[2016-10-19 17:20:00,2016-10-19 17:40:00)",109.74
C,3,"[2016-10-19 17:40:00,2016-10-19 18:00:00)",109.74
C,3,"[2016-10-19 18:00:00,2016-10-19 18:20:00)",98.76
C,3,"[2016-10-19 18:20:00,2016-10-19 18:40:00)",98.76
C,3,"[2016-10-19 18:40:00,2016-10-19 19:00:00)",98.76
C,3,"[2016-10-20 08:00:00,2016-10-20 08:20:00)",23.28
C,3,"[2016-10-20 08:20:00,2016-10-20 08:40:00)",23.28
C,3,"[2016-10-20 08:40:00,2016-10-20 09:00:00)",23.28
C,3,"[2016-10-20 09:00:00,2016-10-20 09:20:00)",23.93
C,3,"[2016-10-20 09:20:00,2016-10-20 09:40:00)",23.93
C,3,"[2016-10-20 09:40:00,2016-10-20 10:00:00)",23.93
C,3,"[2016-10-20 17:00:00,2016-10-20 17:20:00)",92.28
C,3,"[2016-10-20 17:20:00,2016-10-20 17:40:00)",92.28
C,3,"[2016-10-20 17:40:00,2016-10-20 18:00:00)",92.28
C,3,"[2016-10-20 18:00:00,2016-10-20 18:20:00)",80.72
C,3,"[2016-10-20 18:20:00,2016-10-20 18:40:00)",80.72
C,3,"[2016-10-20 18:40:00,2016-10-20 19:00:00)",80.72
C,3,"[2016-10-21 08:00:00,2016-10-21 08:20:00)",24.66
C,3,"[2016-10-21 08:20:00,2016-10-21 08:40:00)",24.66
C,3,"[2016-10-21 08:40:00,2016-10-21 09:00:00)",24.66
C,3,"[2016-10-21 09:00:00,2016-10-21 09:20:00)",49.88
C,3,"[2016-10-21 09:20:00,2016-10-21 09:40:00)",49.88
C,3,"[2016-10-21 09:40:00,2016-10-21 10:00:00)",49.88
C,3,"[2016-10-21 17:00:00,2016-10-21 17:20:00)",59.69
C,3,"[2016-10-21 17:20:00,2016-10-21 17:40:00)",59.69
C,3,"[2016-10-21 17:40:00,2016-10-21 18:00:00)",59.69
C,3,"[2016-10-21 18:00:00,2016-10-21 18:20:00)",50.49
C,3,"[2016-10-21 18:20:00,2016-10-21 18:40:00)",50.49
C,3,"[2016-10-21 18:40:00,2016-10-21 19:00:00)",50.49
C,3,"[2016-10-22 08:00:00,2016-10-22 08:20:00)",23.78
C,3,"[2016-10-22 08:20:00,2016-10-22 08:40:00)",23.78
C,3,"[2016-10-22 08:40:00,2016-10-22 09:00:00)",23.78
C,3,"[2016-10-22 09:00:00,2016-10-22 09:20:00)",47.06
C,3,"[2016-10-22 09:20:00,2016-10-22 09:40:00)",47.06
C,3,"[2016-10-22 09:40:00,2016-10-22 10:00:00)",47.06
C,3,"[2016-10-22 17:00:00,2016-10-22 17:20:00)",64.35
C,3,"[2016-10-22 17:20:00,2016-10-22 17:40:00)",64.35
C,3,"[2016-10-22 17:40:00,2016-10-22 18:00:00)",64.35
C,3,"[2016-10-22 18:00:00,2016-10-22 18:20:00)",61.15
C,3,"[2016-10-22 18:20:00,2016-10-22 18:40:00)",61.15
C,3,"[2016-10-22 18:40:00,2016-10-22 19:00:00)",61.15
C,3,"[2016-10-23 08:00:00,2016-10-23 08:20:00)",22.84
C,3,"[2016-10-23 08:20:00,2016-10-23 08:40:00)",22.84
C,3,"[2016-10-23 08:40:00,2016-10-23 09:00:00)",22.84
C,3,"[2016-10-23 09:00:00,2016-10-23 09:20:00)",23.4
C,3,"[2016-10-23 09:20:00,2016-10-23 09:40:00)",23.4
C,3,"[2016-10-23 09:40:00,2016-10-23 10:00:00)",23.4
C,3,"[2016-10-23 17:00:00,2016-10-23 17:20:00)",86.82
C,3,"[2016-10-23 17:20:00,2016-10-23 17:40:00)",86.82
C,3,"[2016-10-23 17:40:00,2016-10-23 18:00:00)",86.82
C,3,"[2016-10-23 18:00:00,2016-10-23 18:20:00)",72.96
C,3,"[2016-10-23 18:20:00,2016-10-23 18:40:00)",72.96
C,3,"[2016-10-23 18:40:00,2016-10-23 19:00:00)",72.96
C,3,"[2016-10-24 08:00:00,2016-10-24 08:20:00)",23.47
C,3,"[2016-10-24 08:20:00,2016-10-24 08:40:00)",23.47
C,3,"[2016-10-24 08:40:00,2016-10-24 09:00:00)",23.47
C,3,"[2016-10-24 09:00:00,2016-10-24 09:20:00)",56.47
C,3,"[2016-10-24 09:20:00,2016-10-24 09:40:00)",56.47
C,3,"[2016-10-24 09:40:00,2016-10-24 10:00:00)",56.47
C,3,"[2016-10-24 17:00:00,2016-10-24 17:20:00)",60.16
C,3,"[2016-10-24 17:20:00,2016-10-24 17:40:00)",60.16
C,3,"[2016-10-24 17:40:00,2016-10-24 18:00:00)",60.16
C,3,"[2016-10-24 18:00:00,2016-10-24 18:20:00)",34.92
C,3,"[2016-10-24 18:20:00,2016-10-24 18:40:00)",34.92
C,3,"[2016-10-24 18:40:00,2016-10-24 19:00:00)",34.92
C,1,"[2016-10-18 08:00:00,2016-10-18 08:20:00)",23.3
C,1,"[2016-10-18 08:20:00,2016-10-18 08:40:00)",23.3
C,1,"[2016-10-18 08:40:00,2016-10-18 09:00:00)",23.3
C,1,"[2016-10-18 09:00:00,2016-10-18 09:20:00)",76.28
C,1,"[2016-10-18 09:20:00,2016-10-18 09:40:00)",76.28
C,1,"[2016-10-18 09:40:00,2016-10-18 10:00:00)",76.28
C,1,"[2016-10-18 17:00:00,2016-10-18 17:20:00)",146.28
C,1,"[2016-10-18 17:20:00,2016-10-18 17:40:00)",146.28
C,1,"[2016-10-18 17:40:00,2016-10-18 18:00:00)",146.28
C,1,"[2016-10-18 18:00:00,2016-10-18 18:20:00)",135.61
C,1,"[2016-10-18 18:20:00,2016-10-18 18:40:00)",135.61
C,1,"[2016-10-18 18:40:00,2016-10-18 19:00:00)",135.61
C,1,"[2016-10-19 08:00:00,2016-10-19 08:20:00)",23.21
C,1,"[2016-10-19 08:20:00,2016-10-19 08:40:00)",23.21
C,1,"[2016-10-19 08:40:00,2016-10-19 09:00:00)",23.21
C,1,"[2016-10-19 09:00:00,2016-10-19 09:20:00)",93.79
C,1,"[2016-10-19 09:20:00,2016-10-19 09:40:00)",93.79
C,1,"[2016-10-19 09:40:00,2016-10-19 10:00:00)",93.79
C,1,"[2016-10-19 17:00:00,2016-10-19 17:20:00)",132.84
C,1,"[2016-10-19 17:20:00,2016-10-19 17:40:00)",132.84
C,1,"[2016-10-19 17:40:00,2016-10-19 18:00:00)",132.84
C,1,"[2016-10-19 18:00:00,2016-10-19 18:20:00)",123.43
C,1,"[2016-10-19 18:20:00,2016-10-19 18:40:00)",123.43
C,1,"[2016-10-19 18:40:00,2016-10-19 19:00:00)",123.43
C,1,"[2016-10-20 08:00:00,2016-10-20 08:20:00)",46.67
C,1,"[2016-10-20 08:20:00,2016-10-20 08:40:00)",46.67
C,1,"[2016-10-20 08:40:00,2016-10-20 09:00:00)",46.67
C,1,"[2016-10-20 09:00:00,2016-10-20 09:20:00)",100.88
C,1,"[2016-10-20 09:20:00,2016-10-20 09:40:00)",100.88
C,1,"[2016-10-20 09:40:00,2016-10-20 10:00:00)",100.88
C,1,"[2016-10-20 17:00:00,2016-10-20 17:20:00)",101.29
C,1,"[2016-10-20 17:20:00,2016-10-20 17:40:00)",101.29
C,1,"[2016-10-20 17:40:00,2016-10-20 18:00:00)",101.29
C,1,"[2016-10-20 18:00:00,2016-10-20 18:20:00)",86.67
C,1,"[2016-10-20 18:20:00,2016-10-20 18:40:00)",86.67
C,1,"[2016-10-20 18:40:00,2016-10-20 19:00:00)",86.67
C,1,"[2016-10-21 08:00:00,2016-10-21 08:20:00)",57.9
C,1,"[2016-10-21 08:20:00,2016-10-21 08:40:00)",57.9
C,1,"[2016-10-21 08:40:00,2016-10-21 09:00:00)",57.9
C,1,"[2016-10-21 09:00:00,2016-10-21 09:20:00)",73.08
C,1,"[2016-10-21 09:20:00,2016-10-21 09:40:00)",73.08
C,1,"[2016-10-21 09:40:00,2016-10-21 10:00:00)",73.08
C,1,"[2016-10-21 17:00:00,2016-10-21 17:20:00)",76.14
C,1,"[2016-10-21 17:20:00,2016-10-21 17:40:00)",76.14
C,1,"[2016-10-21 17:40:00,2016-10-21 18:00:00)",76.14
C,1,"[2016-10-21 18:00:00,2016-10-21 18:20:00)",64.64
C,1,"[2016-10-21 18:20:00,2016-10-21 18:40:00)",64.64
C,1,"[2016-10-21 18:40:00,2016-10-21 19:00:00)",64.64
C,1,"[2016-10-22 08:00:00,2016-10-22 08:20:00)",23.43
C,1,"[2016-10-22 08:20:00,2016-10-22 08:40:00)",23.43
C,1,"[2016-10-22 08:40:00,2016-10-22 09:00:00)",23.43
C,1,"[2016-10-22 09:00:00,2016-10-22 09:20:00)",23.67
C,1,"[2016-10-22 09:20:00,2016-10-22 09:40:00)",23.67
C,1,"[2016-10-22 09:40:00,2016-10-22 10:00:00)",23.67
C,1,"[2016-10-22 17:00:00,2016-10-22 17:20:00)",74.45
C,1,"[2016-10-22 17:20:00,2016-10-22 17:40:00)",74.45
C,1,"[2016-10-22 17:40:00,2016-10-22 18:00:00)",74.45
C,1,"[2016-10-22 18:00:00,2016-10-22 18:20:00)",69.67
C,1,"[2016-10-22 18:20:00,2016-10-22 18:40:00)",69.67
C,1,"[2016-10-22 18:40:00,2016-10-22 19:00:00)",69.67
C,1,"[2016-10-23 08:00:00,2016-10-23 08:20:00)",23.45
C,1,"[2016-10-23 08:20:00,2016-10-23 08:40:00)",23.45
C,1,"[2016-10-23 08:40:00,2016-10-23 09:00:00)",23.45
C,1,"[2016-10-23 09:00:00,2016-10-23 09:20:00)",65.88
C,1,"[2016-10-23 09:20:00,2016-10-23 09:40:00)",65.88
C,1,"[2016-10-23 09:40:00,2016-10-23 10:00:00)",65.88
C,1,"[2016-10-23 17:00:00,2016-10-23 17:20:00)",101.66
C,1,"[2016-10-23 17:20:00,2016-10-23 17:40:00)",101.66
C,1,"[2016-10-23 17:40:00,2016-10-23 18:00:00)",101.66
C,1,"[2016-10-23 18:00:00,2016-10-23 18:20:00)",92.59
C,1,"[2016-10-23 18:20:00,2016-10-23 18:40:00)",92.59
C,1,"[2016-10-23 18:40:00,2016-10-23 19:00:00)",92.59
C,1,"[2016-10-24 08:00:00,2016-10-24 08:20:00)",23.57
C,1,"[2016-10-24 08:20:00,2016-10-24 08:40:00)",23.57
C,1,"[2016-10-24 08:40:00,2016-10-24 09:00:00)",23.57
C,1,"[2016-10-24 09:00:00,2016-10-24 09:20:00)",80.5
C,1,"[2016-10-24 09:20:00,2016-10-24 09:40:00)",80.5
C,1,"[2016-10-24 09:40:00,2016-10-24 10:00:00)",80.5
C,1,"[2016-10-24 17:00:00,2016-10-24 17:20:00)",92.79
C,1,"[2016-10-24 17:20:00,2016-10-24 17:40:00)",92.79
C,1,"[2016-10-24 17:40:00,2016-10-24 18:00:00)",92.79
C,1,"[2016-10-24 18:00:00,2016-10-24 18:20:00)",78.32
C,1,"[2016-10-24 18:20:00,2016-10-24 18:40:00)",78.32
C,1,"[2016-10-24 18:40:00,2016-10-24 19:00:00)",78.32
