,intersection_id,tollgate_id,time_window,avg_travel_time,datetime,datehour,pressure,sea_pressure,wind_direction,wind_speed,temperature,rel_humidity,precipitation
0,A,2,"[2016-10-18 08:00:00,2016-10-18 08:20:00)",681.3,2016-10-18 08:00:00,2016-10-18 09:00:00,1013.0,1018.0,205.0,0.6,20.9,94.0,1.8
1,A,2,"[2016-10-18 08:20:00,2016-10-18 08:40:00)",128.11,2016-10-18 08:20:00,2016-10-18 09:00:00,1013.0,1018.0,205.0,0.6,20.9,94.0,1.8
2,A,2,"[2016-10-18 08:40:00,2016-10-18 09:00:00)",176.23,2016-10-18 08:40:00,2016-10-18 09:00:00,1013.0,1018.0,205.0,0.6,20.9,94.0,1.8
3,A,2,"[2016-10-18 09:00:00,2016-10-18 09:20:00)",749.09,2016-10-18 09:00:00,2016-10-18 09:00:00,1013.0,1018.0,205.0,0.6,20.9,94.0,1.8
4,A,2,"[2016-10-18 09:20:00,2016-10-18 09:40:00)",37.22,2016-10-18 09:20:00,2016-10-18 09:00:00,1013.0,1018.0,205.0,0.6,20.9,94.0,1.8
5,A,2,"[2016-10-18 09:40:00,2016-10-18 10:00:00)",184.95,2016-10-18 09:40:00,2016-10-18 09:00:00,1013.0,1018.0,205.0,0.6,20.9,94.0,1.8
6,A,3,"[2016-10-18 08:00:00,2016-10-18 08:20:00)",390.3,2016-10-18 08:00:00,2016-10-18 09:00:00,1013.0,1018.0,205.0,0.6,20.9,94.0,1.8
7,A,3,"[2016-10-18 08:20:00,2016-10-18 08:40:00)",581.84,2016-10-18 08:20:00,2016-10-18 09:00:00,1013.0,1018.0,205.0,0.6,20.9,94.0,1.8
8,A,3,"[2016-10-18 08:40:00,2016-10-18 09:00:00)",35.58,2016-10-18 08:40:00,2016-10-18 09:00:00,1013.0,1018.0,205.0,0.6,20.9,94.0,1.8
9,A,3,"[2016-10-18 09:00:00,2016-10-18 09:20:00)",636.4,2016-10-18 09:00:00,2016-10-18 09:00:00,1013.0,1018.0,205.0,0.6,20.9,94.0,1.8
10,A,3,"[2016-10-18 09:20:00,2016-10-18 09:40:00)",277.84,2016-10-18 09:20:00,2016-10-18 09:00:00,1013.0,1018.0,205.0,0.6,20.9,94.0,1.8
11,A,3,"[2016-10-18 09:40:00,2016-10-18 10:00:00)",338.26,2016-10-18 09:40:00,2016-10-18 09:00:00,1013.0,1018.0,205.0,0.6,20.9,94.0,1.8
12,B,1,"[2016-10-18 08:00:00,2016-10-18 08:20:00)",796.15,2016-10-18 08:00:00,2016-10-18 09:00:00,1013.0,1018.0,205.0,0.6,20.9,94.0,1.8
13,B,1,"[2016-10-18 08:20:00,2016-10-18 08:40:00)",764.56,2016-10-18 08:20:00,2016-10-18 09:00:00,1013.0,1018.0,205.0,0.6,20.9,94.0,1.8
14,B,1,"[2016-10-18 08:40:00,2016-10-18 09:00:00)",627.1,2016-10-18 08:40:00,2016-10-18 09:00:00,1013.0,1018.0,205.0,0.6,20.9,94.0,1.8
15,B,1,"[2016-10-18 09:00:00,2016-10-18 09:20:00)",576.95,2016-10-18 09:00:00,2016-10-18 09:00:00,1013.0,1018.0,205.0,0.6,20.9,94.0,1.8
16,B,1,"[2016-10-18 09:20:00,2016-10-18 09:40:00)",151.97,2016-10-18 09:20:00,2016-10-18 09:00:00,1013.0,1018.0,205.0,0.6,20.9,94.0,1.8
17,B,1,"[2016-10-18 09:40:00,2016-10-18 10:00:00)",720.37,2016-10-18 09:40:00,2016-10-18 09:00:00,1013.0,1018.0,205.0,0.6,20.9,94.0,1.8
18,B,3,"[2016-10-18 08:00:00,2016-10-18 08:20:00)",134.38,2016-10-18 08:00:00,2016-10-18 09:00:00,1013.0,1018.0,205.0,0.6,20.9,94.0,1.8
19,B,3,"[2016-10-18 08:20:00,2016-10-18 08:40:00)",797.27,2016-10-18 08:20:00,2016-10-18 09:00:00,1013.0,1018.0,205.0,0.6,20.9,94.0,1.8
20,B,3,"[2016-10-18 08:40:00,2016-10-18 09:00:00)",518.69,2016-10-18 08:40:00,2016-10-18 09:00:00,1013.0,1018.0,205.0,0.6,20.9,94.0,1.8
21,B,3,"[2016-10-18 09:00:00,2016-10-18 09:20:00)",194.33,2016-10-18 09:00:00,2016-10-18 09:00:00,1013.0,1018.0,205.0,0.6,20.9,94.0,1.8
22,B,3,"[2016-10-18 09:20:00,2016-10-18 09:40:00)",551.26,2016-10-18 09:20:00,2016-10-18 09:00:00,1013.0,1018.0,205.0,0.6,20.9,94.0,1.8
23,B,3,"[2016-10-18 09:40:00,2016-10-18 10:00:00)",369.11,2016-10-18 09:40:00,2016-10-18 09:00:00,1013.0,1018.0,205.0,0.6,20.9,94.0,1.8
24,C,1,"[2016-10-18 08:00:00,2016-10-18 08:20:00)",755.51,2016-10-18 08:00:00,2016-10-18 09:00:00,1013.0,1018.0,205.0,0.6,20.9,94.0,1.8
25,C,1,"[2016-10-18 08:20:00,2016-10-18 08:40:00)",511.98,2016-10-18 08:20:00,2016-10-18 09:00:00,1013.0,1018.0,205.0,0.6,20.9,94.0,1.8
26,C,1,"[2016-10-18 08:40:00,2016-10-18 09:00:00)",443.83,2016-10-18 08:40:00,2016-10-18 09:00:00,1013.0,1018.0,205.0,0.6,20.9,94.0,1.8
27,C,1,"[2016-10-18 09:00:00,2016-10-18 09:20:00)",711.83,2016-10-18 09:00:00,2016-10-18 09:00:00,1013.0,1018.0,205.0,0.6,20.9,94.0,1.8
28,C,1,"[2016-10-18 09:20:00,2016-10-18 09:40:00)",112.73,2016-10-18 09:20:00,2016-10-18 09:00:00,1013.0,1018.0,205.0,0.6,20.9,94.0,1.8
29,C,1,"[2016-10-18 09:40:00,2016-10-18 10:00:00)",779.28,2016-10-18 09:40:00,2016-10-18 09:00:00,1013.0,1018.0,205.0,0.6,20.9,94.0,1.8
30,C,3,"[2016-10-18 08:00:00,2016-10-18 08:20:00)",200.24,2016-10-18 08:00:00,2016-10-18 09:00:00,1013.0,1018.0,205.0,0.6,20.9,94.0,1.8
31,C,3,"[2016-10-18 08:20:00,2016-10-18 08:40:00)",28.37,2016-10-18 08:20:00,2016-10-18 09:00:00,1013.0,1018.0,205.0,0.6,20.9,94.0,1.8
32,C,3,"[2016-10-18 08:40:00,2016-10-18 09:00:00)",225.34,2016-10-18 08:40:00,2016-10-18 09:00:00,1013.0,1018.0,205.0,0.6,20.9,94.0,1.8
33,C,3,"[2016-10-18 09:00:00,2016-10-18 09:20:00)",721.66,2016-10-18 09:00:00,2016-10-18 09:00:00,1013.0,1018.0,205.0,0.6,20.9,94.0,1.8
34,C,3,"[2016-10-18 09:20:00,2016-10-18 09:40:00)",289.0,2016-10-18 09:20:00,2016-10-18 09:00:00,1013.0,1018.0,205.0,0.6,20.9,94.0,1.8
35,C,3,"[2016-10-18 09:40:00,2016-10-18 10:00:00)",409.04,2016-10-18 09:40:00,2016-10-18 09:00:00,1013.0,1018.0,205.0,0.6,20.9,94.0,1.8
36,A,2,"[2016-10-19 08:00:00,2016-10-19 08:20:00)",614.73,2016-10-19 08:00:00,2016-10-19 09:00:00,1010.9,1015.9,96.0,1.8,20.5,95.0,0.2
37,A,2,"[2016-10-19 08:20:00,2016-10-19 08:40:00)",118.63,2016-10-19 08:20:00,2016-10-19 09:00:00,1010.9,1015.9,96.0,1.8,20.5,95.0,0.2
38,A,2,"[2016-10-19 08:40:00,2016-10-19 09:00:00)",63.27,2016-10-19 08:40:00,2016-10-19 09:00:00,1010.9,1015.9,96.0,1.8,20.5,95.0,0.2
39,A,2,"[2016-10-19 09:00:00,2016-10-19 09:20:00)",516.6,2016-10-19 09:00:00,2016-10-19 09:00:00,1010.9,1015.9,96.0,1.8,20.5,95.0,0.2
40,A,2,"[2016-10-19 09:20:00,2016-10-19 09:40:00)",42.83,2016-10-19 09:20:00,2016-10-19 09:00:00,1010.9,1015.9,96.0,1.8,20.5,95.0,0.2
41,A,2,"[2016-10-19 09:40:00,2016-10-19 10:00:00)",459.44,2016-10-19 09:40:00,2016-10-19 09:00:00,1010.9,1015.9,96.0,1.8,20.5,95.0,0.2
42,A,3,"[2016-10-19 08:00:00,2016-10-19 08:20:00)",480.7,2016-10-19 08:00:00,2016-10-19 09:00:00,1010.9,1015.9,96.0,1.8,20.5,95.0,0.2
43,A,3,"[2016-10-19 08:20:00,2016-10-19 08:40:00)",109.43,2016-10-19 08:20:00,2016-10-19 09:00:00,1010.9,1015.9,96.0,1.8,20.5,95.0,0.2
44,A,3,"[2016-10-19 08:40:00,2016-10-19 09:00:00)",518.37,2016-10-19 08:40:00,2016-10-19 09:00:00,1010.9,1015.9,96.0,1.8,20.5,95.0,0.2
45,A,3,"[2016-10-19 09:00:00,2016-10-19 09:20:00)",96.84,2016-10-19 09:00:00,2016-10-19 09:00:00,1010.9,1015.9,96.0,1.8,20.5,95.0,0.2
46,A,3,"[2016-10-19 09:20:00,2016-10-19 09:40:00)",484.39,2016-10-19 09:20:00,2016-10-19 09:00:00,1010.9,1015.9,96.0,1.8,20.5,95.0,0.2
47,A,3,"[2016-10-19 09:40:00,2016-10-19 10:00:00)",156.15,2016-10-19 09:40:00,2016-10-19 09:00:00,1010.9,1015.9,96.0,1.8,20.5,95.0,0.2
48,B,1,"[2016-10-19 08:00:00,2016-10-19 08:20:00)",195.55,2016-10-19 08:00:00,2016-10-19 09:00:00,1010.9,1015.9,96.0,1.8,20.5,95.0,0.2
49,B,1,"[2016-10-19 08:20:00,2016-10-19 08:40:00)",462.95,2016-10-19 08:20:00,2016-10-19 09:00:00,1010.9,1015.9,96.0,1.8,20.5,95.0,0.2
50,B,1,"[2016-10-19 08:40:00,2016-10-19 09:00:00)",213.37,2016-10-19 08:40:00,2016-10-19 09:00:00,1010.9,1015.9,96.0,1.8,20.5,95.0,0.2
51,B,1,"[2016-10-19 09:00:00,2016-10-19 09:20:00)",43.09,2016-10-19 09:00:00,2016-10-19 09:00:00,1010.9,1015.9,96.0,1.8,20.5,95.0,0.2
52,B,1,"[2016-10-19 09:20:00,2016-10-19 09:40:00)",232.07,2016-10-19 09:20:00,2016-10-19 09:00:00,1010.9,1015.9,96.0,1.8,20.5,95.0,0.2
53,B,1,"[2016-10-19 09:40:00,2016-10-19 10:00:00)",745.97,2016-10-19 09:40:00,2016-10-19 09:00:00,1010.9,1015.9,96.0,1.8,20.5,95.0,0.2
54,B,3,"[2016-10-19 08:00:00,2016-10-19 08:20:00)",784.17,2016-10-19 08:00:00,2016-10-19 09:00:00,1010.9,1015.9,96.0,1.8,20.5,95.0,0.2
55,B,3,"[2016-10-19 08:20:00,2016-10-19 08:40:00)",268.12,2016-10-19 08:20:00,2016-10-19 09:00:00,1010.9,1015.9,96.0,1.8,20.5,95.0,0.2
56,B,3,"[2016-10-19 08:40:00,2016-10-19 09:00:00)",45.38,2016-10-19 08:40:00,2016-10-19 09:00:00,1010.9,1015.9,96.0,1.8,20.5,95.0,0.2
57,B,3,"[2016-10-19 09:00:00,2016-10-19 09:20:00)",326.4,2016-10-19 09:00:00,2016-10-19 09:00:00,1010.9,1015.9,96.0,1.8,20.5,95.0,0.2
58,B,3,"[2016-10-19 09:20:00,2016-10-19 09:40:00)",719.5,2016-10-19 09:20:00,2016-10-19 09:00:00,1010.9,1015.9,96.0,1.8,20.5,95.0,0.2
59,B,3,"[2016-10-19 09:40:00,2016-10-19 10:00:00)",34.22,2016-10-19 09:40:00,2016-10-19 09:00:00,1010.9,1015.9,96.0,1.8,20.5,95.0,0.2
60,C,1,"[2016-10-19 08:00:00,2016-10-19 08:20:00)",129.77,2016-10-19 08:00:00,2016-10-19 09:00:00,1010.9,1015.9,96.0,1.8,20.5,95.0,0.2
61,C,1,"[2016-10-19 08:20:00,2016-10-19 08:40:00)",444.61,2016-10-19 08:20:00,2016-10-19 09:00:00,1010.9,1015.9,96.0,1.8,20.5,95.0,0.2
62,C,1,"[2016-10-19 08:40:00,2016-10-19 09:00:00)",556.24,2016-10-19 08:40:00,2016-10-19 09:00:00,1010.9,1015.9,96.0,1.8,20.5,95.0,0.2
63,C,1,"[2016-10-19 09:00:00,2016-10-19 09:20:00)",401.62,2016-10-19 09:00:00,2016-10-19 09:00:00,1010.9,1015.9,96.0,1.8,20.5,95.0,0.2
64,C,1,"[2016-10-19 09:20:00,2016-10-19 09:40:00)",209.48,2016-10-19 09:20:00,2016-10-19 09:00:00,1010.9,1015.9,96.0,1.8,20.5,95.0,0.2
65,C,1,"[2016-10-19 09:40:00,2016-10-19 10:00:00)",711.04,2016-10-19 09:40:00,2016-10-19 09:00:00,1010.9,1015.9,96.0,1.8,20.5,95.0,0.2
66,C,3,"[2016-10-19 08:00:00,2016-10-19 08:20:00)",514.72,2016-10-19 08:00:00,2016-10-19 09:00:00,1010.9,1015.9,96.0,1.8,20.5,95.0,0.2
67,C,3,"[2016-10-19 08:20:00,2016-10-19 08:40:00)",533.54,2016-10-19 08:20:00,2016-10-19 09:00:00,1010.9,1015.9,96.0,1.8,20.5,95.0,0.2
68,C,3,"[2016-10-19 08:40:00,2016-10-19 09:00:00)",468.9,2016-10-19 08:40:00,2016-10-19 09:00:00,1010.9,1015.9,96.0,1.8,20.5,95.0,0.2
69,C,3,"[2016-10-19 09:00:00,2016-10-19 09:20:00)",392.41,2016-10-19 09:00:00,2016-10-19 09:00:00,1010.9,1015.9,96.0,1.8,20.5,95.0,0.2
70,C,3,"[2016-10-19 09:20:00,2016-10-19 09:40:00)",255.91,2016-10-19 09:20:00,2016-10-19 09:00:00,1010.9,1015.9,96.0,1.8,20.5,95.0,0.2
71,C,3,"[2016-10-19 09:40:00,2016-10-19 10:00:00)",231.76,2016-10-19 09:40:00,2016-10-19 09:00:00,1010.9,1015.9,96.0,1.8,20.5,95.0,0.2
72,A,2,"[2016-10-20 08:00:00,2016-10-20 08:20:00)",56.98,2016-10-20 08:00:00,2016-10-20 09:00:00,1008.1,1013.1,96.0,2.0,22.4,91.0,0.0
73,A,2,"[2016-10-20 08:20:00,2016-10-20 08:40:00)",566.16,2016-10-20 08:20:00,2016-10-20 09:00:00,1008.1,1013.1,96.0,2.0,22.4,91.0,0.0
74,A,2,"[2016-10-20 08:40:00,2016-10-20 09:00:00)",125.39,2016-10-20 08:40:00,2016-10-20 09:00:00,1008.1,1013.1,96.0,2.0,22.4,91.0,0.0
75,A,2,"[2016-10-20 09:00:00,2016-10-20 09:20:00)",777.55,2016-10-20 09:00:00,2016-10-20 09:00:00,1008.1,1013.1,96.0,2.0,22.4,91.0,0.0
76,A,2,"[2016-10-20 09:20:00,2016-10-20 09:40:00)",205.22,2016-10-20 09:20:00,2016-10-20 09:00:00,1008.1,1013.1,96.0,2.0,22.4,91.0,0.0
77,A,2,"[2016-10-20 09:40:00,2016-10-20 10:00:00)",164.18,2016-10-20 09:40:00,2016-10-20 09:00:00,1008.1,1013.1,96.0,2.0,22.4,91.0,0.0
78,A,3,"[2016-10-20 08:00:00,2016-10-20 08:20:00)",323.64,2016-10-20 08:00:00,2016-10-20 09:00:00,1008.1,1013.1,96.0,2.0,22.4,91.0,0.0
79,A,3,"[2016-10-20 08:20:00,2016-10-20 08:40:00)",283.28,2016-10-20 08:20:00,2016-10-20 09:00:00,1008.1,1013.1,96.0,2.0,22.4,91.0,0.0
80,A,3,"[2016-10-20 08:40:00,2016-10-20 09:00:00)",57.28,2016-10-20 08:40:00,2016-10-20 09:00:00,1008.1,1013.1,96.0,2.0,22.4,91.0,0.0
81,A,3,"[2016-10-20 09:00:00,2016-10-20 09:20:00)",607.32,2016-10-20 09:00:00,2016-10-20 09:00:00,1008.1,1013.1,96.0,2.0,22.4,91.0,0.0
82,A,3,"[2016-10-20 09:20:00,2016-10-20 09:40:00)",458.32,2016-10-20 09:20:00,2016-10-20 09:00:00,1008.1,1013.1,96.0,2.0,22.4,91.0,0.0
83,A,3,"[2016-10-20 09:40:00,2016-10-20 10:00:00)",527.3,2016-10-20 09:40:00,2016-10-20 09:00:00,1008.1,1013.1,96.0,2.0,22.4,91.0,0.0
84,B,1,"[2016-10-20 08:00:00,2016-10-20 08:20:00)",731.14,2016-10-20 08:00:00,2016-10-20 09:00:00,1008.1,1013.1,96.0,2.0,22.4,91.0,0.0
85,B,1,"[2016-10-20 08:20:00,2016-10-20 08:40:00)",266.5,2016-10-20 08:20:00,2016-10-20 09:00:00,1008.1,1013.1,96.0,2.0,22.4,91.0,0.0
86,B,1,"[2016-10-20 08:40:00,2016-10-20 09:00:00)",527.62,2016-10-20 08:40:00,2016-10-20 09:00:00,1008.1,1013.1,96.0,2.0,22.4,91.0,0.0
87,B,1,"[2016-10-20 09:00:00,2016-10-20 09:20:00)",205.01,2016-10-20 09:00:00,2016-10-20 09:00:00,1008.1,1013.1,96.0,2.0,22.4,91.0,0.0
88,B,1,"[2016-10-20 09:20:00,2016-10-20 09:40:00)",127.86,2016-10-20 09:20:00,2016-10-20 09:00:00,1008.1,1013.1,96.0,2.0,22.4,91.0,0.0
89,B,1,"[2016-10-20 09:40:00,2016-10-20 10:00:00)",596.23,2016-10-20 09:40:00,2016-10-20 09:00:00,1008.1,1013.1,96.0,2.0,22.4,91.0,0.0
90,B,3,"[2016-10-20 08:00:00,2016-10-20 08:20:00)",496.7,2016-10-20 08:00:00,2016-10-20 09:00:00,1008.1,1013.1,96.0,2.0,22.4,91.0,0.0
91,B,3,"[2016-10-20 08:20:00,2016-10-20 08:40:00)",500.99,2016-10-20 08:20:00,2016-10-20 09:00:00,1008.1,1013.1,96.0,2.0,22.4,91.0,0.0
92,B,3,"[2016-10-20 08:40:00,2016-10-20 09:00:00)",735.57,2016-10-20 08:40:00,2016-10-20 09:00:00,1008.1,1013.1,96.0,2.0,22.4,91.0,0.0
93,B,3,"[2016-10-20 09:00:00,2016-10-20 09:20:00)",609.52,2016-10-20 09:00:00,2016-10-20 09:00:00,1008.1,1013.1,96.0,2.0,22.4,91.0,0.0
94,B,3,"[2016-10-20 09:20:00,2016-10-20 09:40:00)",109.12,2016-10-20 09:20:00,2016-10-20 09:00:00,1008.1,1013.1,96.0,2.0,22.4,91.0,0.0
95,B,3,"[2016-10-20 09:40:00,2016-10-20 10:00:00)",307.67,2016-10-20 09:40:00,2016-10-20 09:00:00,1008.1,1013.1,96.0,2.0,22.4,91.0,0.0
96,C,1,"[2016-10-20 08:00:00,2016-10-20 08:20:00)",312.65,2016-10-20 08:00:00,2016-10-20 09:00:00,1008.1,1013.1,96.0,2.0,22.4,91.0,0.0
97,C,1,"[2016-10-20 08:20:00,2016-10-20 08:40:00)",93.0,2016-10-20 08:20:00,2016-10-20 09:00:00,1008.1,1013.1,96.0,2.0,22.4,91.0,0.0
98,C,1,"[2016-10-20 08:40:00,2016-10-20 09:00:00)",378.45,2016-10-20 08:40:00,2016-10-20 09:00:00,1008.1,1013.1,96.0,2.0,22.4,91.0,0.0
99,C,1,"[2016-10-20 09:00:00,2016-10-20 09:20:00)",792.19,2016-10-20 09:00:00,2016-10-20 09:00:00,1008.1,1013.1,96.0,2.0,22.4,91.0,0.0
100,C,1,"[2016-10-20 09:20:00,2016-10-20 09:40:00)",41.35,2016-10-20 09:20:00,2016-10-20 09:00:00,1008.1,1013.1,96.0,2.0,22.4,91.0,0.0
101,C,1,"[2016-10-20 09:40:00,2016-10-20 10:00:00)",744.79,2016-10-20 09:40:00,2016-10-20 09:00:00,1008.1,1013.1,96.0,2.0,22.4,91.0,0.0
102,C,3,"[2016-10-20 08:00:00,2016-10-20 08:20:00)",61.01,2016-10-20 08:00:00,2016-10-20 09:00:00,1008.1,1013.1,96.0,2.0,22.4,91.0,0.0
103,C,3,"[2016-10-20 08:20:00,2016-10-20 08:40:00)",344.61,2016-10-20 08:20:00,2016-10-20 09:00:00,1008.1,1013.1,96.0,2.0,22.4,91.0,0.0
104,C,3,"[2016-10-20 08:40:00,2016-10-20 09:00:00)",331.13,2016-10-20 08:40:00,2016-10-20 09:00:00,1008.1,1013.1,96.0,2.0,22.4,91.0,0.0
105,C,3,"[2016-10-20 09:00:00,2016-10-20 09:20:00)",328.36,2016-10-20 09:00:00,2016-10-20 09:00:00,1008.1,1013.1,96.0,2.0,22.4,91.0,0.0
106,C,3,"[2016-10-20 09:20:00,2016-10-20 09:40:00)",696.52,2016-10-20 09:20:00,2016-10-20 09:00:00,1008.1,1013.1,96.0,2.0,22.4,91.0,0.0
107,C,3,"[2016-10-20 09:40:00,2016-10-20 10:00:00)",25.87,2016-10-20 09:40:00,2016-10-20 09:00:00,1008.1,1013.1,96.0,2.0,22.4,91.0,0.0
108,A,2,"[2016-10-21 08:00:00,2016-10-21 08:20:00)",466.2,2016-10-21 08:00:00,2016-10-21 09:00:00,1004.3,1009.3,340.0,2.8,21.2,98.0,0.0
109,A,2,"[2016-10-21 08:20:00,2016-10-21 08:40:00)",765.33,2016-10-21 08:20:00,2016-10-21 09:00:00,1004.3,1009.3,340.0,2.8,21.2,98.0,0.0
110,A,2,"[2016-10-21 08:40:00,2016-10-21 09:00:00)",700.79,2016-10-21 08:40:00,2016-10-21 09:00:00,1004.3,1009.3,340.0,2.8,21.2,98.0,0.0
111,A,2,"[2016-10-21 09:00:00,2016-10-21 09:20:00)",416.49,2016-10-21 09:00:00,2016-10-21 09:00:00,1004.3,1009.3,340.0,2.8,21.2,98.0,0.0
112,A,2,"[2016-10-21 09:20:00,2016-10-21 09:40:00)",248.9,2016-10-21 09:20:00,2016-10-21 09:00:00,1004.3,1009.3,340.0,2.8,21.2,98.0,0.0
113,A,2,"[2016-10-21 09:40:00,2016-10-21 10:00:00)",673.67,2016-10-21 09:40:00,2016-10-21 09:00:00,1004.3,1009.3,340.0,2.8,21.2,98.0,0.0
114,A,3,"[2016-10-21 08:00:00,2016-10-21 08:20:00)",501.64,2016-10-21 08:00:00,2016-10-21 09:00:00,1004.3,1009.3,340.0,2.8,21.2,98.0,0.0
115,A,3,"[2016-10-21 08:20:00,2016-10-21 08:40:00)",525.49,2016-10-21 08:20:00,2016-10-21 09:00:00,1004.3,1009.3,340.0,2.8,21.2,98.0,0.0
116,A,3,"[2016-10-21 08:40:00,2016-10-21 09:00:00)",137.07,2016-10-21 08:40:00,2016-10-21 09:00:00,1004.3,1009.3,340.0,2.8,21.2,98.0,0.0
117,A,3,"[2016-10-21 09:00:00,2016-10-21 09:20:00)",758.6,2016-10-21 09:00:00,2016-10-21 09:00:00,1004.3,1009.3,340.0,2.8,21.2,98.0,0.0
118,A,3,"[2016-10-21 09:20:00,2016-10-21 09:40:00)",441.29,2016-10-21 09:20:00,2016-10-21 09:00:00,1004.3,1009.3,340.0,2.8,21.2,98.0,0.0
119,A,3,"[2016-10-21 09:40:00,2016-10-21 10:00:00)",32.53,2016-10-21 09:40:00,2016-10-21 09:00:00,1004.3,1009.3,340.0,2.8,21.2,98.0,0.0
120,B,1,"[2016-10-21 08:00:00,2016-10-21 08:20:00)",694.67,2016-10-21 08:00:00,2016-10-21 09:00:00,1004.3,1009.3,340.0,2.8,21.2,98.0,0.0
121,B,1,"[2016-10-21 08:20:00,2016-10-21 08:40:00)",70.78,2016-10-21 08:20:00,2016-10-21 09:00:00,1004.3,1009.3,340.0,2.8,21.2,98.0,0.0
122,B,1,"[2016-10-21 08:40:00,2016-10-21 09:00:00)",217.8,2016-10-21 08:40:00,2016-10-21 09:00:00,1004.3,1009.3,340.0,2.8,21.2,98.0,0.0
123,B,1,"[2016-10-21 09:00:00,2016-10-21 09:20:00)",295.28,2016-10-21 09:00:00,2016-10-21 09:00:00,1004.3,1009.3,340.0,2.8,21.2,98.0,0.0
124,B,1,"[2016-10-21 09:20:00,2016-10-21 09:40:00)",241.35,2016-10-21 09:20:00,2016-10-21 09:00:00,1004.3,1009.3,340.0,2.8,21.2,98.0,0.0
125,B,1,"[2016-10-21 09:40:00,2016-10-21 10:00:00)",598.35,2016-10-21 09:40:00,2016-10-21 09:00:00,1004.3,1009.3,340.0,2.8,21.2,98.0,0.0
126,B,3,"[2016-10-21 08:00:00,2016-10-21 08:20:00)",198.67,2016-10-21 08:00:00,2016-10-21 09:00:00,1004.3,1009.3,340.0,2.8,21.2,98.0,0.0
127,B,3,"[2016-10-21 08:20:00,2016-10-21 08:40:00)",388.3,2016-10-21 08:20:00,2016-10-21 09:00:00,1004.3,1009.3,340.0,2.8,21.2,98.0,0.0
128,B,3,"[2016-10-21 08:40:00,2016-10-21 09:00:00)",56.87,2016-10-21 08:40:00,2016-10-21 09:00:00,1004.3,1009.3,340.0,2.8,21.2,98.0,0.0
129,B,3,"[2016-10-21 09:00:00,2016-10-21 09:20:00)",558.48,2016-10-21 09:00:00,2016-10-21 09:00:00,1004.3,1009.3,340.0,2.8,21.2,98.0,0.0
130,B,3,"[2016-10-21 09:20:00,2016-10-21 09:40:00)",767.7,2016-10-21 09:20:00,2016-10-21 09:00:00,1004.3,1009.3,340.0,2.8,21.2,98.0,0.0
131,B,3,"[2016-10-21 09:40:00,2016-10-21 10:00:00)",95.07,2016-10-21 09:40:00,2016-10-21 09:00:00,1004.3,1009.3,340.0,2.8,21.2,98.0,0.0
132,C,1,"[2016-10-21 08:00:00,2016-10-21 08:20:00)",587.35,2016-10-21 08:00:00,2016-10-21 09:00:00,1004.3,1009.3,340.0,2.8,21.2,98.0,0.0
133,C,1,"[2016-10-21 08:20:00,2016-10-21 08:40:00)",486.68,2016-10-21 08:20:00,2016-10-21 09:00:00,1004.3,1009.3,340.0,2.8,21.2,98.0,0.0
134,C,1,"[2016-10-21 08:40:00,2016-10-21 09:00:00)",456.76,2016-10-21 08:40:00,2016-10-21 09:00:00,1004.3,1009.3,340.0,2.8,21.2,98.0,0.0
135,C,1,"[2016-10-21 09:00:00,2016-10-21 09:20:00)",782.89,2016-10-21 09:00:00,2016-10-21 09:00:00,1004.3,1009.3,340.0,2.8,21.2,98.0,0.0
136,C,1,"[2016-10-21 09:20:00,2016-10-21 09:40:00)",25.88,2016-10-21 09:20:00,2016-10-21 09:00:00,1004.3,1009.3,340.0,2.8,21.2,98.0,0.0
137,C,1,"[2016-10-21 09:40:00,2016-10-21 10:00:00)",141.48,2016-10-21 09:40:00,2016-10-21 09:00:00,1004.3,1009.3,340.0,2.8,21.2,98.0,0.0
138,C,3,"[2016-10-21 08:00:00,2016-10-21 08:20:00)",280.07,2016-10-21 08:00:00,2016-10-21 09:00:00,1004.3,1009.3,340.0,2.8,21.2,98.0,0.0
139,C,3,"[2016-10-21 08:20:00,2016-10-21 08:40:00)",85.43,2016-10-21 08:20:00,2016-10-21 09:00:00,1004.3,1009.3,340.0,2.8,21.2,98.0,0.0
140,C,3,"[2016-10-21 08:40:00,2016-10-21 09:00:00)",400.74,2016-10-21 08:40:00,2016-10-21 09:00:00,1004.3,1009.3,340.0,2.8,21.2,98.0,0.0
141,C,3,"[2016-10-21 09:00:00,2016-10-21 09:20:00)",265.36,2016-10-21 09:00:00,2016-10-21 09:00:00,1004.3,1009.3,340.0,2.8,21.2,98.0,0.0
142,C,3,"[2016-10-21 09:20:00,2016-10-21 09:40:00)",270.83,2016-10-21 09:20:00,2016-10-21 09:00:00,1004.3,1009.3,340.0,2.8,21.2,98.0,0.0
143,C,3,"[2016-10-21 09:40:00,2016-10-21 10:00:00)",413.07,2016-10-21 09:40:00,2016-10-21 09:00:00,1004.3,1009.3,340.0,2.8,21.2,98.0,0.0
144,A,2,"[2016-10-22 08:00:00,2016-10-22 08:20:00)",574.81,2016-10-22 08:00:00,2016-10-22 09:00:00,999.4,1004.3,117.0,2.0,22.8,97.0,3.1
145,A,2,"[2016-10-22 08:20:00,2016-10-22 08:40:00)",621.6,2016-10-22 08:20:00,2016-10-22 09:00:00,999.4,1004.3,117.0,2.0,22.8,97.0,3.1
146,A,2,"[2016-10-22 08:40:00,2016-10-22 09:00:00)",638.73,2016-10-22 08:40:00,2016-10-22 09:00:00,999.4,1004.3,117.0,2.0,22.8,97.0,3.1
147,A,2,"[2016-10-22 09:00:00,2016-10-22 09:20:00)",640.95,2016-10-22 09:00:00,2016-10-22 09:00:00,999.4,1004.3,117.0,2.0,22.8,97.0,3.1
148,A,2,"[2016-10-22 09:20:00,2016-10-22 09:40:00)",306.12,2016-10-22 09:20:00,2016-10-22 09:00:00,999.4,1004.3,117.0,2.0,22.8,97.0,3.1
149,A,2,"[2016-10-22 09:40:00,2016-10-22 10:00:00)",377.38,2016-10-22 09:40:00,2016-10-22 09:00:00,999.4,1004.3,117.0,2.0,22.8,97.0,3.1
150,A,3,"[2016-10-22 08:00:00,2016-10-22 08:20:00)",443.47,2016-10-22 08:00:00,2016-10-22 09:00:00,999.4,1004.3,117.0,2.0,22.8,97.0,3.1
151,A,3,"[2016-10-22 08:20:00,2016-10-22 08:40:00)",244.97,2016-10-22 08:20:00,2016-10-22 09:00:00,999.4,1004.3,117.0,2.0,22.8,97.0,3.1
152,A,3,"[2016-10-22 08:40:00,2016-10-22 09:00:00)",131.41,2016-10-22 08:40:00,2016-10-22 09:00:00,999.4,1004.3,117.0,2.0,22.8,97.0,3.1
153,A,3,"[2016-10-22 09:00:00,2016-10-22 09:20:00)",641.04,2016-10-22 09:00:00,2016-10-22 09:00:00,999.4,1004.3,117.0,2.0,22.8,97.0,3.1
154,A,3,"[2016-10-22 09:20:00,2016-10-22 09:40:00)",668.38,2016-10-22 09:20:00,2016-10-22 09:00:00,999.4,1004.3,117.0,2.0,22.8,97.0,3.1
155,A,3,"[2016-10-22 09:40:00,2016-10-22 10:00:00)",605.73,2016-10-22 09:40:00,2016-10-22 09:00:00,999.4,1004.3,117.0,2.0,22.8,97.0,3.1
156,B,1,"[2016-10-22 08:00:00,2016-10-22 08:20:00)",353.56,2016-10-22 08:00:00,2016-10-22 09:00:00,999.4,1004.3,117.0,2.0,22.8,97.0,3.1
157,B,1,"[2016-10-22 08:20:00,2016-10-22 08:40:00)",35.91,2016-10-22 08:20:00,2016-10-22 09:00:00,999.4,1004.3,117.0,2.0,22.8,97.0,3.1
158,B,1,"[2016-10-22 08:40:00,2016-10-22 09:00:00)",507.65,2016-10-22 08:40:00,2016-10-22 09:00:00,999.4,1004.3,117.0,2.0,22.8,97.0,3.1
159,B,1,"[2016-10-22 09:00:00,2016-10-22 09:20:00)",111.32,2016-10-22 09:00:00,2016-10-22 09:00:00,999.4,1004.3,117.0,2.0,22.8,97.0,3.1
160,B,1,"[2016-10-22 09:20:00,2016-10-22 09:40:00)",793.58,2016-10-22 09:20:00,2016-10-22 09:00:00,999.4,1004.3,117.0,2.0,22.8,97.0,3.1
161,B,1,"[2016-10-22 09:40:00,2016-10-22 10:00:00)",191.64,2016-10-22 09:40:00,2016-10-22 09:00:00,999.4,1004.3,117.0,2.0,22.8,97.0,3.1
162,B,3,"[2016-10-22 08:00:00,2016-10-22 08:20:00)",265.24,2016-10-22 08:00:00,2016-10-22 09:00:00,999.4,1004.3,117.0,2.0,22.8,97.0,3.1
163,B,3,"[2016-10-22 08:20:00,2016-10-22 08:40:00)",540.53,2016-10-22 08:20:00,2016-10-22 09:00:00,999.4,1004.3,117.0,2.0,22.8,97.0,3.1
164,B,3,"[2016-10-22 08:40:00,2016-10-22 09:00:00)",236.79,2016-10-22 08:40:00,2016-10-22 09:00:00,999.4,1004.3,117.0,2.0,22.8,97.0,3.1
165,B,3,"[2016-10-22 09:00:00,2016-10-22 09:20:00)",359.14,2016-10-22 09:00:00,2016-10-22 09:00:00,999.4,1004.3,117.0,2.0,22.8,97.0,3.1
166,B,3,"[2016-10-22 09:20:00,2016-10-22 09:40:00)",431.05,2016-10-22 09:20:00,2016-10-22 09:00:00,999.4,1004.3,117.0,2.0,22.8,97.0,3.1
167,B,3,"[2016-10-22 09:40:00,2016-10-22 10:00:00)",701.9,2016-10-22 09:40:00,2016-10-22 09:00:00,999.4,1004.3,117.0,2.0,22.8,97.0,3.1
168,C,1,"[2016-10-22 08:00:00,2016-10-22 08:20:00)",193.04,2016-10-22 08:00:00,2016-10-22 09:00:00,999.4,1004.3,117.0,2.0,22.8,97.0,3.1
169,C,1,"[2016-10-22 08:20:00,2016-10-22 08:40:00)",645.46,2016-10-22 08:20:00,2016-10-22 09:00:00,999.4,1004.3,117.0,2.0,22.8,97.0,3.1
170,C,1,"[2016-10-22 08:40:00,2016-10-22 09:00:00)",287.92,2016-10-22 08:40:00,2016-10-22 09:00:00,999.4,1004.3,117.0,2.0,22.8,97.0,3.1
171,C,1,"[2016-10-22 09:00:00,2016-10-22 09:20:00)",277.03,2016-10-22 09:00:00,2016-10-22 09:00:00,999.4,1004.3,117.0,2.0,22.8,97.0,3.1
172,C,1,"[2016-10-22 09:20:00,2016-10-22 09:40:00)",304.77,2016-10-22 09:20:00,2016-10-22 09:00:00,999.4,1004.3,117.0,2.0,22.8,97.0,3.1
173,C,1,"[2016-10-22 09:40:00,2016-10-22 10:00:00)",716.04,2016-10-22 09:40:00,2016-10-22 09:00:00,999.4,1004.3,117.0,2.0,22.8,97.0,3.1
174,C,3,"[2016-10-22 08:00:00,2016-10-22 08:20:00)",475.47,2016-10-22 08:00:00,2016-10-22 09:00:00,999.4,1004.3,117.0,2.0,22.8,97.0,3.1
175,C,3,"[2016-10-22 08:20:00,2016-10-22 08:40:00)",238.54,2016-10-22 08:20:00,2016-10-22 09:00:00,999.4,1004.3,117.0,2.0,22.8,97.0,3.1
176,C,3,"[2016-10-22 08:40:00,2016-10-22 09:00:00)",224.05,2016-10-22 08:40:00,2016-10-22 09:00:00,999.4,1004.3,117.0,2.0,22.8,97.0,3.1
177,C,3,"[2016-10-22 09:00:00,2016-10-22 09:20:00)",163.16,2016-10-22 09:00:00,2016-10-22 09:00:00,999.4,1004.3,117.0,2.0,22.8,97.0,3.1
178,C,3,"[2016-10-22 09:20:00,2016-10-22 09:40:00)",178.43,2016-10-22 09:20:00,2016-10-22 09:00:00,999.4,1004.3,117.0,2.0,22.8,97.0,3.1
179,C,3,"[2016-10-22 09:40:00,2016-10-22 10:00:00)",433.88,2016-10-22 09:40:00,2016-10-22 09:00:00,999.4,1004.3,117.0,2.0,22.8,97.0,3.1
180,A,2,"[2016-10-23 08:00:00,2016-10-23 08:20:00)",730.58,2016-10-23 08:00:00,2016-10-23 09:00:00,1009.9,1014.9,344.0,1.9,20.4,87.0,0.0
181,A,2,"[2016-10-23 08:20:00,2016-10-23 08:40:00)",498.97,2016-10-23 08:20:00,2016-10-23 09:00:00,1009.9,1014.9,344.0,1.9,20.4,87.0,0.0
182,A,2,"[2016-10-23 08:40:00,2016-10-23 09:00:00)",426.61,2016-10-23 08:40:00,2016-10-23 09:00:00,1009.9,1014.9,344.0,1.9,20.4,87.0,0.0
183,A,2,"[2016-10-23 09:00:00,2016-10-23 09:20:00)",717.12,2016-10-23 09:00:00,2016-10-23 09:00:00,1009.9,1014.9,344.0,1.9,20.4,87.0,0.0
184,A,2,"[2016-10-23 09:20:00,2016-10-23 09:40:00)",474.32,2016-10-23 09:20:00,2016-10-23 09:00:00,1009.9,1014.9,344.0,1.9,20.4,87.0,0.0
185,A,2,"[2016-10-23 09:40:00,2016-10-23 10:00:00)",324.1,2016-10-23 09:40:00,2016-10-23 09:00:00,1009.9,1014.9,344.0,1.9,20.4,87.0,0.0
186,A,3,"[2016-10-23 08:00:00,2016-10-23 08:20:00)",74.13,2016-10-23 08:00:00,2016-10-23 09:00:00,1009.9,1014.9,344.0,1.9,20.4,87.0,0.0
187,A,3,"[2016-10-23 08:20:00,2016-10-23 08:40:00)",680.94,2016-10-23 08:20:00,2016-10-23 09:00:00,1009.9,1014.9,344.0,1.9,20.4,87.0,0.0
188,A,3,"[2016-10-23 08:40:00,2016-10-23 09:00:00)",212.75,2016-10-23 08:40:00,2016-10-23 09:00:00,1009.9,1014.9,344.0,1.9,20.4,87.0,0.0
189,A,3,"[2016-10-23 09:00:00,2016-10-23 09:20:00)",43.47,2016-10-23 09:00:00,2016-10-23 09:00:00,1009.9,1014.9,344.0,1.9,20.4,87.0,0.0
190,A,3,"[2016-10-23 09:20:00,2016-10-23 09:40:00)",415.92,2016-10-23 09:20:00,2016-10-23 09:00:00,1009.9,1014.9,344.0,1.9,20.4,87.0,0.0
191,A,3,"[2016-10-23 09:40:00,2016-10-23 10:00:00)",709.27,2016-10-23 09:40:00,2016-10-23 09:00:00,1009.9,1014.9,344.0,1.9,20.4,87.0,0.0
192,B,1,"[2016-10-23 08:00:00,2016-10-23 08:20:00)",32.5,2016-10-23 08:00:00,2016-10-23 09:00:00,1009.9,1014.9,344.0,1.9,20.4,87.0,0.0
193,B,1,"[2016-10-23 08:20:00,2016-10-23 08:40:00)",417.39,2016-10-23 08:20:00,2016-10-23 09:00:00,1009.9,1014.9,344.0,1.9,20.4,87.0,0.0
194,B,1,"[2016-10-23 08:40:00,2016-10-23 09:00:00)",555.48,2016-10-23 08:40:00,2016-10-23 09:00:00,1009.9,1014.9,344.0,1.9,20.4,87.0,0.0
195,B,1,"[2016-10-23 09:00:00,2016-10-23 09:20:00)",347.68,2016-10-23 09:00:00,2016-10-23 09:00:00,1009.9,1014.9,344.0,1.9,20.4,87.0,0.0
196,B,1,"[2016-10-23 09:20:00,2016-10-23 09:40:00)",772.43,2016-10-23 09:20:00,2016-10-23 09:00:00,1009.9,1014.9,344.0,1.9,20.4,87.0,0.0
197,B,1,"[2016-10-23 09:40:00,2016-10-23 10:00:00)",108.72,2016-10-23 09:40:00,2016-10-23 09:00:00,1009.9,1014.9,344.0,1.9,20.4,87.0,0.0
198,B,3,"[2016-10-23 08:00:00,2016-10-23 08:20:00)",417.96,2016-10-23 08:00:00,2016-10-23 09:00:00,1009.9,1014.9,344.0,1.9,20.4,87.0,0.0
199,B,3,"[2016-10-23 08:20:00,2016-10-23 08:40:00)",508.88,2016-10-23 08:20:00,2016-10-23 09:00:00,1009.9,1014.9,344.0,1.9,20.4,87.0,0.0
200,B,3,"[2016-10-23 08:40:00,2016-10-23 09:00:00)",382.88,2016-10-23 08:40:00,2016-10-23 09:00:00,1009.9,1014.9,344.0,1.9,20.4,87.0,0.0
201,B,3,"[2016-10-23 09:00:00,2016-10-23 09:20:00)",496.56,2016-10-23 09:00:00,2016-10-23 09:00:00,1009.9,1014.9,344.0,1.9,20.4,87.0,0.0
202,B,3,"[2016-10-23 09:20:00,2016-10-23 09:40:00)",193.15,2016-10-23 09:20:00,2016-10-23 09:00:00,1009.9,1014.9,344.0,1.9,20.4,87.0,0.0
203,B,3,"[2016-10-23 09:40:00,2016-10-23 10:00:00)",254.65,2016-10-23 09:40:00,2016-10-23 09:00:00,1009.9,1014.9,344.0,1.9,20.4,87.0,0.0
204,C,1,"[2016-10-23 08:00:00,2016-10-23 08:20:00)",582.7,2016-10-23 08:00:00,2016-10-23 09:00:00,1009.9,1014.9,344.0,1.9,20.4,87.0,0.0
205,C,1,"[2016-10-23 08:20:00,2016-10-23 08:40:00)",42.56,2016-10-23 08:20:00,2016-10-23 09:00:00,1009.9,1014.9,344.0,1.9,20.4,87.0,0.0
206,C,1,"[2016-10-23 08:40:00,2016-10-23 09:00:00)",84.35,2016-10-23 08:40:00,2016-10-23 09:00:00,1009.9,1014.9,344.0,1.9,20.4,87.0,0.0
207,C,1,"[2016-10-23 09:00:00,2016-10-23 09:20:00)",551.28,2016-10-23 09:00:00,2016-10-23 09:00:00,1009.9,1014.9,344.0,1.9,20.4,87.0,0.0
208,C,1,"[2016-10-23 09:20:00,2016-10-23 09:40:00)",799.81,2016-10-23 09:20:00,2016-10-23 09:00:00,1009.9,1014.9,344.0,1.9,20.4,87.0,0.0
209,C,1,"[2016-10-23 09:40:00,2016-10-23 10:00:00)",707.39,2016-10-23 09:40:00,2016-10-23 09:00:00,1009.9,1014.9,344.0,1.9,20.4,87.0,0.0
210,C,3,"[2016-10-23 08:00:00,2016-10-23 08:20:00)",738.15,2016-10-23 08:00:00,2016-10-23 09:00:00,1009.9,1014.9,344.0,1.9,20.4,87.0,0.0
211,C,3,"[2016-10-23 08:20:00,2016-10-23 08:40:00)",422.04,2016-10-23 08:20:00,2016-10-23 09:00:00,1009.9,1014.9,344.0,1.9,20.4,87.0,0.0
212,C,3,"[2016-10-23 08:40:00,2016-10-23 09:00:00)",746.61,2016-10-23 08:40:00,2016-10-23 09:00:00,1009.9,1014.9,344.0,1.9,20.4,87.0,0.0
213,C,3,"[2016-10-23 09:00:00,2016-10-23 09:20:00)",218.58,2016-10-23 09:00:00,2016-10-23 09:00:00,1009.9,1014.9,344.0,1.9,20.4,87.0,0.0
214,C,3,"[2016-10-23 09:20:00,2016-10-23 09:40:00)",351.59,2016-10-23 09:20:00,2016-10-23 09:00:00,1009.9,1014.9,344.0,1.9,20.4,87.0,0.0
215,C,3,"[2016-10-23 09:40:00,2016-10-23 10:00:00)",208.77,2016-10-23 09:40:00,2016-10-23 09:00:00,1009.9,1014.9,344.0,1.9,20.4,87.0,0.0
216,A,2,"[2016-10-24 08:00:00,2016-10-24 08:20:00)",767.0,2016-10-24 08:00:00,2016-10-24 09:00:00,1007.3,1012.3,133.0,0.9,23.5,79.0,0.0
217,A,2,"[2016-10-24 08:20:00,2016-10-24 08:40:00)",164.69,2016-10-24 08:20:00,2016-10-24 09:00:00,1007.3,1012.3,133.0,0.9,23.5,79.0,0.0
218,A,2,"[2016-10-24 08:40:00,2016-10-24 09:00:00)",408.97,2016-10-24 08:40:00,2016-10-24 09:00:00,1007.3,1012.3,133.0,0.9,23.5,79.0,0.0
219,A,2,"[2016-10-24 09:00:00,2016-10-24 09:20:00)",546.08,2016-10-24 09:00:00,2016-10-24 09:00:00,1007.3,1012.3,133.0,0.9,23.5,79.0,0.0
220,A,2,"[2016-10-24 09:20:00,2016-10-24 09:40:00)",314.55,2016-10-24 09:20:00,2016-10-24 09:00:00,1007.3,1012.3,133.0,0.9,23.5,79.0,0.0
221,A,2,"[2016-10-24 09:40:00,2016-10-24 10:00:00)",738.45,2016-10-24 09:40:00,2016-10-24 09:00:00,1007.3,1012.3,133.0,0.9,23.5,79.0,0.0
222,A,3,"[2016-10-24 08:00:00,2016-10-24 08:20:00)",43.57,2016-10-24 08:00:00,2016-10-24 09:00:00,1007.3,1012.3,133.0,0.9,23.5,79.0,0.0
223,A,3,"[2016-10-24 08:20:00,2016-10-24 08:40:00)",227.41,2016-10-24 08:20:00,2016-10-24 09:00:00,1007.3,1012.3,133.0,0.9,23.5,79.0,0.0
224,A,3,"[2016-10-24 08:40:00,2016-10-24 09:00:00)",272.43,2016-10-24 08:40:00,2016-10-24 09:00:00,1007.3,1012.3,133.0,0.9,23.5,79.0,0.0
225,A,3,"[2016-10-24 09:00:00,2016-10-24 09:20:00)",283.76,2016-10-24 09:00:00,2016-10-24 09:00:00,1007.3,1012.3,133.0,0.9,23.5,79.0,0.0
226,A,3,"[2016-10-24 09:20:00,2016-10-24 09:40:00)",547.64,2016-10-24 09:20:00,2016-10-24 09:00:00,1007.3,1012.3,133.0,0.9,23.5,79.0,0.0
227,A,3,"[2016-10-24 09:40:00,2016-10-24 10:00:00)",157.63,2016-10-24 09:40:00,2016-10-24 09:00:00,1007.3,1012.3,133.0,0.9,23.5,79.0,0.0
228,B,1,"[2016-10-24 08:00:00,2016-10-24 08:20:00)",94.13,2016-10-24 08:00:00,2016-10-24 09:00:00,1007.3,1012.3,133.0,0.9,23.5,79.0,0.0
229,B,1,"[2016-10-24 08:20:00,2016-10-24 08:40:00)",682.39,2016-10-24 08:20:00,2016-10-24 09:00:00,1007.3,1012.3,133.0,0.9,23.5,79.0,0.0
230,B,1,"[2016-10-24 08:40:00,2016-10-24 09:00:00)",535.87,2016-10-24 08:40:00,2016-10-24 09:00:00,1007.3,1012.3,133.0,0.9,23.5,79.0,0.0
231,B,1,"[2016-10-24 09:00:00,2016-10-24 09:20:00)",530.35,2016-10-24 09:00:00,2016-10-24 09:00:00,1007.3,1012.3,133.0,0.9,23.5,79.0,0.0
232,B,1,"[2016-10-24 09:20:00,2016-10-24 09:40:00)",680.03,2016-10-24 09:20:00,2016-10-24 09:00:00,1007.3,1012.3,133.0,0.9,23.5,79.0,0.0
233,B,1,"[2016-10-24 09:40:00,2016-10-24 10:00:00)",647.68,2016-10-24 09:40:00,2016-10-24 09:00:00,1007.3,1012.3,133.0,0.9,23.5,79.0,0.0
234,B,3,"[2016-10-24 08:00:00,2016-10-24 08:20:00)",475.94,2016-10-24 08:00:00,2016-10-24 09:00:00,1007.3,1012.3,133.0,0.9,23.5,79.0,0.0
235,B,3,"[2016-10-24 08:20:00,2016-10-24 08:40:00)",473.15,2016-10-24 08:20:00,2016-10-24 09:00:00,1007.3,1012.3,133.0,0.9,23.5,79.0,0.0
236,B,3,"[2016-10-24 08:40:00,2016-10-24 09:00:00)",681.65,2016-10-24 08:40:00,2016-10-24 09:00:00,1007.3,1012.3,133.0,0.9,23.5,79.0,0.0
237,B,3,"[2016-10-24 09:00:00,2016-10-24 09:20:00)",707.82,2016-10-24 09:00:00,2016-10-24 09:00:00,1007.3,1012.3,133.0,0.9,23.5,79.0,0.0
238,B,3,"[2016-10-24 09:20:00,2016-10-24 09:40:00)",705.68,2016-10-24 09:20:00,2016-10-24 09:00:00,1007.3,1012.3,133.0,0.9,23.5,79.0,0.0
239,B,3,"[2016-10-24 09:40:00,2016-10-24 10:00:00)",104.19,2016-10-24 09:40:00,2016-10-24 09:00:00,1007.3,1012.3,133.0,0.9,23.5,79.0,0.0
240,C,1,"[2016-10-24 08:00:00,2016-10-24 08:20:00)",756.98,2016-10-24 08:00:00,2016-10-24 09:00:00,1007.3,1012.3,133.0,0.9,23.5,79.0,0.0
241,C,1,"[2016-10-24 08:20:00,2016-10-24 08:40:00)",432.67,2016-10-24 08:20:00,2016-10-24 09:00:00,1007.3,1012.3,133.0,0.9,23.5,79.0,0.0
242,C,1,"[2016-10-24 08:40:00,2016-10-24 09:00:00)",191.97,2016-10-24 08:40:00,2016-10-24 09:00:00,1007.3,1012.3,133.0,0.9,23.5,79.0,0.0
243,C,1,"[2016-10-24 09:00:00,2016-10-24 09:20:00)",390.39,2016-10-24 09:00:00,2016-10-24 09:00:00,1007.3,1012.3,133.0,0.9,23.5,79.0,0.0
244,C,1,"[2016-10-24 09:20:00,2016-10-24 09:40:00)",436.55,2016-10-24 09:20:00,2016-10-24 09:00:00,1007.3,1012.3,133.0,0.9,23.5,79.0,0.0
245,C,1,"[2016-10-24 09:40:00,2016-10-24 10:00:00)",366.95,2016-10-24 09:40:00,2016-10-24 09:00:00,1007.3,1012.3,133.0,0.9,23.5,79.0,0.0
246,C,3,"[2016-10-24 08:00:00,2016-10-24 08:20:00)",133.1,2016-10-24 08:00:00,2016-10-24 09:00:00,1007.3,1012.3,133.0,0.9,23.5,79.0,0.0
247,C,3,"[2016-10-24 08:20:00,2016-10-24 08:40:00)",510.39,2016-10-24 08:20:00,2016-10-24 09:00:00,1007.3,1012.3,133.0,0.9,23.5,79.0,0.0
248,C,3,"[2016-10-24 08:40:00,2016-10-24 09:00:00)",514.81,2016-10-24 08:40:00,2016-10-24 09:00:00,1007.3,1012.3,133.0,0.9,23.5,79.0,0.0
249,C,3,"[2016-10-24 09:00:00,2016-10-24 09:20:00)",456.04,2016-10-24 09:00:00,2016-10-24 09:00:00,1007.3,1012.3,133.0,0.9,23.5,79.0,0.0
250,C,3,"[2016-10-24 09:20:00,2016-10-24 09:40:00)",748.23,2016-10-24 09:20:00,2016-10-24 09:00:00,1007.3,1012.3,133.0,0.9,23.5,79.0,0.0
251,C,3,"[2016-10-24 09:40:00,2016-10-24 10:00:00)",351.58,2016-10-24 09:40:00,2016-10-24 09:00:00,1007.3,1012.3,133.0,0.9,23.5,79.0,0.0
252,A,2,"[2016-10-18 17:00:00,2016-10-18 17:20:00)",20.49,2016-10-18 17:00:00,2016-10-18 18:00:00,1012.1,1017.1,125.0,2.3,20.0,96.0,1.3
253,A,2,"[2016-10-18 17:20:00,2016-10-18 17:40:00)",156.09,2016-10-18 17:20:00,2016-10-18 18:00:00,1012.1,1017.1,125.0,2.3,20.0,96.0,1.3
254,A,2,"[2016-10-18 17:40:00,2016-10-18 18:00:00)",761.02,2016-10-18 17:40:00,2016-10-18 18:00:00,1012.1,1017.1,125.0,2.3,20.0,96.0,1.3
255,A,2,"[2016-10-18 18:00:00,2016-10-18 18:20:00)",142.47,2016-10-18 18:00:00,2016-10-18 18:00:00,1012.1,1017.1,125.0,2.3,20.0,96.0,1.3
256,A,2,"[2016-10-18 18:20:00,2016-10-18 18:40:00)",325.15,2016-10-18 18:20:00,2016-10-18 18:00:00,1012.1,1017.1,125.0,2.3,20.0,96.0,1.3
257,A,2,"[2016-10-18 18:40:00,2016-10-18 19:00:00)",530.13,2016-10-18 18:40:00,2016-10-18 18:00:00,1012.1,1017.1,125.0,2.3,20.0,96.0,1.3
258,A,3,"[2016-10-18 17:00:00,2016-10-18 17:20:00)",56.41,2016-10-18 17:00:00,2016-10-18 18:00:00,1012.1,1017.1,125.0,2.3,20.0,96.0,1.3
259,A,3,"[2016-10-18 17:20:00,2016-10-18 17:40:00)",178.66,2016-10-18 17:20:00,2016-10-18 18:00:00,1012.1,1017.1,125.0,2.3,20.0,96.0,1.3
260,A,3,"[2016-10-18 17:40:00,2016-10-18 18:00:00)",166.32,2016-10-18 17:40:00,2016-10-18 18:00:00,1012.1,1017.1,125.0,2.3,20.0,96.0,1.3
261,A,3,"[2016-10-18 18:00:00,2016-10-18 18:20:00)",346.05,2016-10-18 18:00:00,2016-10-18 18:00:00,1012.1,1017.1,125.0,2.3,20.0,96.0,1.3
262,A,3,"[2016-10-18 18:20:00,2016-10-18 18:40:00)",702.28,2016-10-18 18:20:00,2016-10-18 18:00:00,1012.1,1017.1,125.0,2.3,20.0,96.0,1.3
263,A,3,"[2016-10-18 18:40:00,2016-10-18 19:00:00)",706.15,2016-10-18 18:40:00,2016-10-18 18:00:00,1012.1,1017.1,125.0,2.3,20.0,96.0,1.3
264,B,1,"[2016-10-18 17:00:00,2016-10-18 17:20:00)",714.16,2016-10-18 17:00:00,2016-10-18 18:00:00,1012.1,1017.1,125.0,2.3,20.0,96.0,1.3
265,B,1,"[2016-10-18 17:20:00,2016-10-18 17:40:00)",55.88,2016-10-18 17:20:00,2016-10-18 18:00:00,1012.1,1017.1,125.0,2.3,20.0,96.0,1.3
266,B,1,"[2016-10-18 17:40:00,2016-10-18 18:00:00)",362.13,2016-10-18 17:40:00,2016-10-18 18:00:00,1012.1,1017.1,125.0,2.3,20.0,96.0,1.3
267,B,1,"[2016-10-18 18:00:00,2016-10-18 18:20:00)",780.64,2016-10-18 18:00:00,2016-10-18 18:00:00,1012.1,1017.1,125.0,2.3,20.0,96.0,1.3
268,B,1,"[2016-10-18 18:20:00,2016-10-18 18:40:00)",471.46,2016-10-18 18:20:00,2016-10-18 18:00:00,1012.1,1017.1,125.0,2.3,20.0,96.0,1.3
269,B,1,"[2016-10-18 18:40:00,2016-10-18 19:00:00)",420.07,2016-10-18 18:40:00,2016-10-18 18:00:00,1012.1,1017.1,125.0,2.3,20.0,96.0,1.3
270,B,3,"[2016-10-18 17:00:00,2016-10-18 17:20:00)",451.15,2016-10-18 17:00:00,2016-10-18 18:00:00,1012.1,1017.1,125.0,2.3,20.0,96.0,1.3
271,B,3,"[2016-10-18 17:20:00,2016-10-18 17:40:00)",57.81,2016-10-18 17:20:00,2016-10-18 18:00:00,1012.1,1017.1,125.0,2.3,20.0,96.0,1.3
272,B,3,"[2016-10-18 17:40:00,2016-10-18 18:00:00)",718.31,2016-10-18 17:40:00,2016-10-18 18:00:00,1012.1,1017.1,125.0,2.3,20.0,96.0,1.3
273,B,3,"[2016-10-18 18:00:00,2016-10-18 18:20:00)",767.73,2016-10-18 18:00:00,2016-10-18 18:00:00,1012.1,1017.1,125.0,2.3,20.0,96.0,1.3
274,B,3,"[2016-10-18 18:20:00,2016-10-18 18:40:00)",782.26,2016-10-18 18:20:00,2016-10-18 18:00:00,1012.1,1017.1,125.0,2.3,20.0,96.0,1.3
275,B,3,"[2016-10-18 18:40:00,2016-10-18 19:00:00)",298.89,2016-10-18 18:40:00,2016-10-18 18:00:00,1012.1,1017.1,125.0,2.3,20.0,96.0,1.3
276,C,1,"[2016-10-18 17:00:00,2016-10-18 17:20:00)",82.85,2016-10-18 17:00:00,2016-10-18 18:00:00,1012.1,1017.1,125.0,2.3,20.0,96.0,1.3
277,C,1,"[2016-10-18 17:20:00,2016-10-18 17:40:00)",53.57,2016-10-18 17:20:00,2016-10-18 18:00:00,1012.1,1017.1,125.0,2.3,20.0,96.0,1.3
278,C,1,"[2016-10-18 17:40:00,2016-10-18 18:00:00)",291.74,2016-10-18 17:40:00,2016-10-18 18:00:00,1012.1,1017.1,125.0,2.3,20.0,96.0,1.3
279,C,1,"[2016-10-18 18:00:00,2016-10-18 18:20:00)",692.04,2016-10-18 18:00:00,2016-10-18 18:00:00,1012.1,1017.1,125.0,2.3,20.0,96.0,1.3
280,C,1,"[2016-10-18 18:20:00,2016-10-18 18:40:00)",391.05,2016-10-18 18:20:00,2016-10-18 18:00:00,1012.1,1017.1,125.0,2.3,20.0,96.0,1.3
281,C,1,"[2016-10-18 18:40:00,2016-10-18 19:00:00)",789.64,2016-10-18 18:40:00,2016-10-18 18:00:00,1012.1,1017.1,125.0,2.3,20.0,96.0,1.3
282,C,3,"[2016-10-18 17:00:00,2016-10-18 17:20:00)",232.39,2016-10-18 17:00:00,2016-10-18 18:00:00,1012.1,1017.1,125.0,2.3,20.0,96.0,1.3
283,C,3,"[2016-10-18 17:20:00,2016-10-18 17:40:00)",207.16,2016-10-18 17:20:00,2016-10-18 18:00:00,1012.1,1017.1,125.0,2.3,20.0,96.0,1.3
284,C,3,"[2016-10-18 17:40:00,2016-10-18 18:00:00)",788.3,2016-10-18 17:40:00,2016-10-18 18:00:00,1012.1,1017.1,125.0,2.3,20.0,96.0,1.3
285,C,3,"[2016-10-18 18:00:00,2016-10-18 18:20:00)",313.43,2016-10-18 18:00:00,2016-10-18 18:00:00,1012.1,1017.1,125.0,2.3,20.0,96.0,1.3
286,C,3,"[2016-10-18 18:20:00,2016-10-18 18:40:00)",344.35,2016-10-18 18:20:00,2016-10-18 18:00:00,1012.1,1017.1,125.0,2.3,20.0,96.0,1.3
287,C,3,"[2016-10-18 18:40:00,2016-10-18 19:00:00)",728.6,2016-10-18 18:40:00,2016-10-18 18:00:00,1012.1,1017.1,125.0,2.3,20.0,96.0,1.3
288,A,2,"[2016-10-19 17:00:00,2016-10-19 17:20:00)",332.83,2016-10-19 17:00:00,2016-10-19 18:00:00,1010.1,1015.1,325.0,0.5,20.7,97.0,0.1
289,A,2,"[2016-10-19 17:20:00,2016-10-19 17:40:00)",379.1,2016-10-19 17:20:00,2016-10-19 18:00:00,1010.1,1015.1,325.0,0.5,20.7,97.0,0.1
290,A,2,"[2016-10-19 17:40:00,2016-10-19 18:00:00)",116.41,2016-10-19 17:40:00,2016-10-19 18:00:00,1010.1,1015.1,325.0,0.5,20.7,97.0,0.1
291,A,2,"[2016-10-19 18:00:00,2016-10-19 18:20:00)",641.31,2016-10-19 18:00:00,2016-10-19 18:00:00,1010.1,1015.1,325.0,0.5,20.7,97.0,0.1
292,A,2,"[2016-10-19 18:20:00,2016-10-19 18:40:00)",186.91,2016-10-19 18:20:00,2016-10-19 18:00:00,1010.1,1015.1,325.0,0.5,20.7,97.0,0.1
293,A,2,"[2016-10-19 18:40:00,2016-10-19 19:00:00)",349.78,2016-10-19 18:40:00,2016-10-19 18:00:00,1010.1,1015.1,325.0,0.5,20.7,97.0,0.1
294,A,3,"[2016-10-19 17:00:00,2016-10-19 17:20:00)",505.03,2016-10-19 17:00:00,2016-10-19 18:00:00,1010.1,1015.1,325.0,0.5,20.7,97.0,0.1
295,A,3,"[2016-10-19 17:20:00,2016-10-19 17:40:00)",309.08,2016-10-19 17:20:00,2016-10-19 18:00:00,1010.1,1015.1,325.0,0.5,20.7,97.0,0.1
296,A,3,"[2016-10-19 17:40:00,2016-10-19 18:00:00)",567.6,2016-10-19 17:40:00,2016-10-19 18:00:00,1010.1,1015.1,325.0,0.5,20.7,97.0,0.1
297,A,3,"[2016-10-19 18:00:00,2016-10-19 18:20:00)",386.02,2016-10-19 18:00:00,2016-10-19 18:00:00,1010.1,1015.1,325.0,0.5,20.7,97.0,0.1
298,A,3,"[2016-10-19 18:20:00,2016-10-19 18:40:00)",236.77,2016-10-19 18:20:00,2016-10-19 18:00:00,1010.1,1015.1,325.0,0.5,20.7,97.0,0.1
299,A,3,"[2016-10-19 18:40:00,2016-10-19 19:00:00)",687.08,2016-10-19 18:40:00,2016-10-19 18:00:00,1010.1,1015.1,325.0,0.5,20.7,97.0,0.1
300,B,1,"[2016-10-19 17:00:00,2016-10-19 17:20:00)",656.27,2016-10-19 17:00:00,2016-10-19 18:00:00,1010.1,1015.1,325.0,0.5,20.7,97.0,0.1
301,B,1,"[2016-10-19 17:20:00,2016-10-19 17:40:00)",242.04,2016-10-19 17:20:00,2016-10-19 18:00:00,1010.1,1015.1,325.0,0.5,20.7,97.0,0.1
302,B,1,"[2016-10-19 17:40:00,2016-10-19 18:00:00)",41.13,2016-10-19 17:40:00,2016-10-19 18:00:00,1010.1,1015.1,325.0,0.5,20.7,97.0,0.1
303,B,1,"[2016-10-19 18:00:00,2016-10-19 18:20:00)",77.63,2016-10-19 18:00:00,2016-10-19 18:00:00,1010.1,1015.1,325.0,0.5,20.7,97.0,0.1
304,B,1,"[2016-10-19 18:20:00,2016-10-19 18:40:00)",168.56,2016-10-19 18:20:00,2016-10-19 18:00:00,1010.1,1015.1,325.0,0.5,20.7,97.0,0.1
305,B,1,"[2016-10-19 18:40:00,2016-10-19 19:00:00)",656.18,2016-10-19 18:40:00,2016-10-19 18:00:00,1010.1,1015.1,325.0,0.5,20.7,97.0,0.1
306,B,3,"[2016-10-19 17:00:00,2016-10-19 17:20:00)",385.67,2016-10-19 17:00:00,2016-10-19 18:00:00,1010.1,1015.1,325.0,0.5,20.7,97.0,0.1
307,B,3,"[2016-10-19 17:20:00,2016-10-19 17:40:00)",99.01,2016-10-19 17:20:00,2016-10-19 18:00:00,1010.1,1015.1,325.0,0.5,20.7,97.0,0.1
308,B,3,"[2016-10-19 17:40:00,2016-10-19 18:00:00)",680.96,2016-10-19 17:40:00,2016-10-19 18:00:00,1010.1,1015.1,325.0,0.5,20.7,97.0,0.1
309,B,3,"[2016-10-19 18:00:00,2016-10-19 18:20:00)",371.43,2016-10-19 18:00:00,2016-10-19 18:00:00,1010.1,1015.1,325.0,0.5,20.7,97.0,0.1
310,B,3,"[2016-10-19 18:20:00,2016-10-19 18:40:00)",198.0,2016-10-19 18:20:00,2016-10-19 18:00:00,1010.1,1015.1,325.0,0.5,20.7,97.0,0.1
311,B,3,"[2016-10-19 18:40:00,2016-10-19 19:00:00)",723.11,2016-10-19 18:40:00,2016-10-19 18:00:00,1010.1,1015.1,325.0,0.5,20.7,97.0,0.1
312,C,1,"[2016-10-19 17:00:00,2016-10-19 17:20:00)",616.21,2016-10-19 17:00:00,2016-10-19 18:00:00,1010.1,1015.1,325.0,0.5,20.7,97.0,0.1
313,C,1,"[2016-10-19 17:20:00,2016-10-19 17:40:00)",627.52,2016-10-19 17:20:00,2016-10-19 18:00:00,1010.1,1015.1,325.0,0.5,20.7,97.0,0.1
314,C,1,"[2016-10-19 17:40:00,2016-10-19 18:00:00)",752.32,2016-10-19 17:40:00,2016-10-19 18:00:00,1010.1,1015.1,325.0,0.5,20.7,97.0,0.1
315,C,1,"[2016-10-19 18:00:00,2016-10-19 18:20:00)",703.93,2016-10-19 18:00:00,2016-10-19 18:00:00,1010.1,1015.1,325.0,0.5,20.7,97.0,0.1
316,C,1,"[2016-10-19 18:20:00,2016-10-19 18:40:00)",116.12,2016-10-19 18:20:00,2016-10-19 18:00:00,1010.1,1015.1,325.0,0.5,20.7,97.0,0.1
317,C,1,"[2016-10-19 18:40:00,2016-10-19 19:00:00)",205.9,2016-10-19 18:40:00,2016-10-19 18:00:00,1010.1,1015.1,325.0,0.5,20.7,97.0,0.1
318,C,3,"[2016-10-19 17:00:00,2016-10-19 17:20:00)",374.33,2016-10-19 17:00:00,2016-10-19 18:00:00,1010.1,1015.1,325.0,0.5,20.7,97.0,0.1
319,C,3,"[2016-10-19 17:20:00,2016-10-19 17:40:00)",610.49,2016-10-19 17:20:00,2016-10-19 18:00:00,1010.1,1015.1,325.0,0.5,20.7,97.0,0.1
320,C,3,"[2016-10-19 17:40:00,2016-10-19 18:00:00)",423.57,2016-10-19 17:40:00,2016-10-19 18:00:00,1010.1,1015.1,325.0,0.5,20.7,97.0,0.1
321,C,3,"[2016-10-19 18:00:00,2016-10-19 18:20:00)",403.44,2016-10-19 18:00:00,2016-10-19 18:00:00,1010.1,1015.1,325.0,0.5,20.7,97.0,0.1
322,C,3,"[2016-10-19 18:20:00,2016-10-19 18:40:00)",631.39,2016-10-19 18:20:00,2016-10-19 18:00:00,1010.1,1015.1,325.0,0.5,20.7,97.0,0.1
323,C,3,"[2016-10-19 18:40:00,2016-10-19 19:00:00)",224.41,2016-10-19 18:40:00,2016-10-19 18:00:00,1010.1,1015.1,325.0,0.5,20.7,97.0,0.1
324,A,2,"[2016-10-20 17:00:00,2016-10-20 17:20:00)",516.04,2016-10-20 17:00:00,2016-10-20 18:00:00,1007.3,1012.3,94.0,1.6,21.7,93.0,0.0
325,A,2,"[2016-10-20 17:20:00,2016-10-20 17:40:00)",496.51,2016-10-20 17:20:00,2016-10-20 18:00:00,1007.3,1012.3,94.0,1.6,21.7,93.0,0.0
326,A,2,"[2016-10-20 17:40:00,2016-10-20 18:00:00)",46.76,2016-10-20 17:40:00,2016-10-20 18:00:00,1007.3,1012.3,94.0,1.6,21.7,93.0,0.0
327,A,2,"[2016-10-20 18:00:00,2016-10-20 18:20:00)",550.79,2016-10-20 18:00:00,2016-10-20 18:00:00,1007.3,1012.3,94.0,1.6,21.7,93.0,0.0
328,A,2,"[2016-10-20 18:20:00,2016-10-20 18:40:00)",676.84,2016-10-20 18:20:00,2016-10-20 18:00:00,1007.3,1012.3,94.0,1.6,21.7,93.0,0.0
329,A,2,"[2016-10-20 18:40:00,2016-10-20 19:00:00)",617.07,2016-10-20 18:40:00,2016-10-20 18:00:00,1007.3,1012.3,94.0,1.6,21.7,93.0,0.0
330,A,3,"[2016-10-20 17:00:00,2016-10-20 17:20:00)",461.53,2016-10-20 17:00:00,2016-10-20 18:00:00,1007.3,1012.3,94.0,1.6,21.7,93.0,0.0
331,A,3,"[2016-10-20 17:20:00,2016-10-20 17:40:00)",478.04,2016-10-20 17:20:00,2016-10-20 18:00:00,1007.3,1012.3,94.0,1.6,21.7,93.0,0.0
332,A,3,"[2016-10-20 17:40:00,2016-10-20 18:00:00)",767.95,2016-10-20 17:40:00,2016-10-20 18:00:00,1007.3,1012.3,94.0,1.6,21.7,93.0,0.0
333,A,3,"[2016-10-20 18:00:00,2016-10-20 18:20:00)",336.16,2016-10-20 18:00:00,2016-10-20 18:00:00,1007.3,1012.3,94.0,1.6,21.7,93.0,0.0
334,A,3,"[2016-10-20 18:20:00,2016-10-20 18:40:00)",658.98,2016-10-20 18:20:00,2016-10-20 18:00:00,1007.3,1012.3,94.0,1.6,21.7,93.0,0.0
335,A,3,"[2016-10-20 18:40:00,2016-10-20 19:00:00)",510.57,2016-10-20 18:40:00,2016-10-20 18:00:00,1007.3,1012.3,94.0,1.6,21.7,93.0,0.0
336,B,1,"[2016-10-20 17:00:00,2016-10-20 17:20:00)",175.34,2016-10-20 17:00:00,2016-10-20 18:00:00,1007.3,1012.3,94.0,1.6,21.7,93.0,0.0
337,B,1,"[2016-10-20 17:20:00,2016-10-20 17:40:00)",318.35,2016-10-20 17:20:00,2016-10-20 18:00:00,1007.3,1012.3,94.0,1.6,21.7,93.0,0.0
338,B,1,"[2016-10-20 17:40:00,2016-10-20 18:00:00)",301.3,2016-10-20 17:40:00,2016-10-20 18:00:00,1007.3,1012.3,94.0,1.6,21.7,93.0,0.0
339,B,1,"[2016-10-20 18:00:00,2016-10-20 18:20:00)",794.17,2016-10-20 18:00:00,2016-10-20 18:00:00,1007.3,1012.3,94.0,1.6,21.7,93.0,0.0
340,B,1,"[2016-10-20 18:20:00,2016-10-20 18:40:00)",479.45,2016-10-20 18:20:00,2016-10-20 18:00:00,1007.3,1012.3,94.0,1.6,21.7,93.0,0.0
341,B,1,"[2016-10-20 18:40:00,2016-10-20 19:00:00)",795.9,2016-10-20 18:40:00,2016-10-20 18:00:00,1007.3,1012.3,94.0,1.6,21.7,93.0,0.0
342,B,3,"[2016-10-20 17:00:00,2016-10-20 17:20:00)",596.56,2016-10-20 17:00:00,2016-10-20 18:00:00,1007.3,1012.3,94.0,1.6,21.7,93.0,0.0
343,B,3,"[2016-10-20 17:20:00,2016-10-20 17:40:00)",779.0,2016-10-20 17:20:00,2016-10-20 18:00:00,1007.3,1012.3,94.0,1.6,21.7,93.0,0.0
344,B,3,"[2016-10-20 17:40:00,2016-10-20 18:00:00)",198.16,2016-10-20 17:40:00,2016-10-20 18:00:00,1007.3,1012.3,94.0,1.6,21.7,93.0,0.0
345,B,3,"[2016-10-20 18:00:00,2016-10-20 18:20:00)",701.74,2016-10-20 18:00:00,2016-10-20 18:00:00,1007.3,1012.3,94.0,1.6,21.7,93.0,0.0
346,B,3,"[2016-10-20 18:20:00,2016-10-20 18:40:00)",200.32,2016-10-20 18:20:00,2016-10-20 18:00:00,1007.3,1012.3,94.0,1.6,21.7,93.0,0.0
347,B,3,"[2016-10-20 18:40:00,2016-10-20 19:00:00)",687.43,2016-10-20 18:40:00,2016-10-20 18:00:00,1007.3,1012.3,94.0,1.6,21.7,93.0,0.0
348,C,1,"[2016-10-20 17:00:00,2016-10-20 17:20:00)",505.02,2016-10-20 17:00:00,2016-10-20 18:00:00,1007.3,1012.3,94.0,1.6,21.7,93.0,0.0
349,C,1,"[2016-10-20 17:20:00,2016-10-20 17:40:00)",776.69,2016-10-20 17:20:00,2016-10-20 18:00:00,1007.3,1012.3,94.0,1.6,21.7,93.0,0.0
350,C,1,"[2016-10-20 17:40:00,2016-10-20 18:00:00)",208.18,2016-10-20 17:40:00,2016-10-20 18:00:00,1007.3,1012.3,94.0,1.6,21.7,93.0,0.0
351,C,1,"[2016-10-20 18:00:00,2016-10-20 18:20:00)",126.38,2016-10-20 18:00:00,2016-10-20 18:00:00,1007.3,1012.3,94.0,1.6,21.7,93.0,0.0
352,C,1,"[2016-10-20 18:20:00,2016-10-20 18:40:00)",47.75,2016-10-20 18:20:00,2016-10-20 18:00:00,1007.3,1012.3,94.0,1.6,21.7,93.0,0.0
353,C,1,"[2016-10-20 18:40:00,2016-10-20 19:00:00)",625.13,2016-10-20 18:40:00,2016-10-20 18:00:00,1007.3,1012.3,94.0,1.6,21.7,93.0,0.0
354,C,3,"[2016-10-20 17:00:00,2016-10-20 17:20:00)",657.24,2016-10-20 17:00:00,2016-10-20 18:00:00,1007.3,1012.3,94.0,1.6,21.7,93.0,0.0
355,C,3,"[2016-10-20 17:20:00,2016-10-20 17:40:00)",71.66,2016-10-20 17:20:00,2016-10-20 18:00:00,1007.3,1012.3,94.0,1.6,21.7,93.0,0.0
356,C,3,"[2016-10-20 17:40:00,2016-10-20 18:00:00)",390.83,2016-10-20 17:40:00,2016-10-20 18:00:00,1007.3,1012.3,94.0,1.6,21.7,93.0,0.0
357,C,3,"[2016-10-20 18:00:00,2016-10-20 18:20:00)",559.06,2016-10-20 18:00:00,2016-10-20 18:00:00,1007.3,1012.3,94.0,1.6,21.7,93.0,0.0
358,C,3,"[2016-10-20 18:20:00,2016-10-20 18:40:00)",331.23,2016-10-20 18:20:00,2016-10-20 18:00:00,1007.3,1012.3,94.0,1.6,21.7,93.0,0.0
359,C,3,"[2016-10-20 18:40:00,2016-10-20 19:00:00)",743.05,2016-10-20 18:40:00,2016-10-20 18:00:00,1007.3,1012.3,94.0,1.6,21.7,93.0,0.0
360,A,2,"[2016-10-21 17:00:00,2016-10-21 17:20:00)",774.31,2016-10-21 17:00:00,2016-10-21 18:00:00,1005.3,1010.3,342.0,2.5,21.0,98.0,1.3
361,A,2,"[2016-10-21 17:20:00,2016-10-21 17:40:00)",693.38,2016-10-21 17:20:00,2016-10-21 18:00:00,1005.3,1010.3,342.0,2.5,21.0,98.0,1.3
362,A,2,"[2016-10-21 17:40:00,2016-10-21 18:00:00)",220.94,2016-10-21 17:40:00,2016-10-21 18:00:00,1005.3,1010.3,342.0,2.5,21.0,98.0,1.3
363,A,2,"[2016-10-21 18:00:00,2016-10-21 18:20:00)",554.84,2016-10-21 18:00:00,2016-10-21 18:00:00,1005.3,1010.3,342.0,2.5,21.0,98.0,1.3
364,A,2,"[2016-10-21 18:20:00,2016-10-21 18:40:00)",174.14,2016-10-21 18:20:00,2016-10-21 18:00:00,1005.3,1010.3,342.0,2.5,21.0,98.0,1.3
365,A,2,"[2016-10-21 18:40:00,2016-10-21 19:00:00)",90.09,2016-10-21 18:40:00,2016-10-21 18:00:00,1005.3,1010.3,342.0,2.5,21.0,98.0,1.3
366,A,3,"[2016-10-21 17:00:00,2016-10-21 17:20:00)",681.26,2016-10-21 17:00:00,2016-10-21 18:00:00,1005.3,1010.3,342.0,2.5,21.0,98.0,1.3
367,A,3,"[2016-10-21 17:20:00,2016-10-21 17:40:00)",513.32,2016-10-21 17:20:00,2016-10-21 18:00:00,1005.3,1010.3,342.0,2.5,21.0,98.0,1.3
368,A,3,"[2016-10-21 17:40:00,2016-10-21 18:00:00)",488.85,2016-10-21 17:40:00,2016-10-21 18:00:00,1005.3,1010.3,342.0,2.5,21.0,98.0,1.3
369,A,3,"[2016-10-21 18:00:00,2016-10-21 18:20:00)",576.34,2016-10-21 18:00:00,2016-10-21 18:00:00,1005.3,1010.3,342.0,2.5,21.0,98.0,1.3
370,A,3,"[2016-10-21 18:20:00,2016-10-21 18:40:00)",621.4,2016-10-21 18:20:00,2016-10-21 18:00:00,1005.3,1010.3,342.0,2.5,21.0,98.0,1.3
371,A,3,"[2016-10-21 18:40:00,2016-10-21 19:00:00)",162.99,2016-10-21 18:40:00,2016-10-21 18:00:00,1005.3,1010.3,342.0,2.5,21.0,98.0,1.3
372,B,1,"[2016-10-21 17:00:00,2016-10-21 17:20:00)",492.23,2016-10-21 17:00:00,2016-10-21 18:00:00,1005.3,1010.3,342.0,2.5,21.0,98.0,1.3
373,B,1,"[2016-10-21 17:20:00,2016-10-21 17:40:00)",612.93,2016-10-21 17:20:00,2016-10-21 18:00:00,1005.3,1010.3,342.0,2.5,21.0,98.0,1.3
374,B,1,"[2016-10-21 17:40:00,2016-10-21 18:00:00)",172.9,2016-10-21 17:40:00,2016-10-21 18:00:00,1005.3,1010.3,342.0,2.5,21.0,98.0,1.3
375,B,1,"[2016-10-21 18:00:00,2016-10-21 18:20:00)",389.36,2016-10-21 18:00:00,2016-10-21 18:00:00,1005.3,1010.3,342.0,2.5,21.0,98.0,1.3
376,B,1,"[2016-10-21 18:20:00,2016-10-21 18:40:00)",463.61,2016-10-21 18:20:00,2016-10-21 18:00:00,1005.3,1010.3,342.0,2.5,21.0,98.0,1.3
377,B,1,"[2016-10-21 18:40:00,2016-10-21 19:00:00)",326.32,2016-10-21 18:40:00,2016-10-21 18:00:00,1005.3,1010.3,342.0,2.5,21.0,98.0,1.3
378,B,3,"[2016-10-21 17:00:00,2016-10-21 17:20:00)",780.76,2016-10-21 17:00:00,2016-10-21 18:00:00,1005.3,1010.3,342.0,2.5,21.0,98.0,1.3
379,B,3,"[2016-10-21 17:20:00,2016-10-21 17:40:00)",255.91,2016-10-21 17:20:00,2016-10-21 18:00:00,1005.3,1010.3,342.0,2.5,21.0,98.0,1.3
380,B,3,"[2016-10-21 17:40:00,2016-10-21 18:00:00)",527.4,2016-10-21 17:40:00,2016-10-21 18:00:00,1005.3,1010.3,342.0,2.5,21.0,98.0,1.3
381,B,3,"[2016-10-21 18:00:00,2016-10-21 18:20:00)",255.11,2016-10-21 18:00:00,2016-10-21 18:00:00,1005.3,1010.3,342.0,2.5,21.0,98.0,1.3
382,B,3,"[2016-10-21 18:20:00,2016-10-21 18:40:00)",492.8,2016-10-21 18:20:00,2016-10-21 18:00:00,1005.3,1010.3,342.0,2.5,21.0,98.0,1.3
383,B,3,"[2016-10-21 18:40:00,2016-10-21 19:00:00)",573.41,2016-10-21 18:40:00,2016-10-21 18:00:00,1005.3,1010.3,342.0,2.5,21.0,98.0,1.3
384,C,1,"[2016-10-21 17:00:00,2016-10-21 17:20:00)",278.73,2016-10-21 17:00:00,2016-10-21 18:00:00,1005.3,1010.3,342.0,2.5,21.0,98.0,1.3
385,C,1,"[2016-10-21 17:20:00,2016-10-21 17:40:00)",55.62,2016-10-21 17:20:00,2016-10-21 18:00:00,1005.3,1010.3,342.0,2.5,21.0,98.0,1.3
386,C,1,"[2016-10-21 17:40:00,2016-10-21 18:00:00)",62.47,2016-10-21 17:40:00,2016-10-21 18:00:00,1005.3,1010.3,342.0,2.5,21.0,98.0,1.3
387,C,1,"[2016-10-21 18:00:00,2016-10-21 18:20:00)",236.19,2016-10-21 18:00:00,2016-10-21 18:00:00,1005.3,1010.3,342.0,2.5,21.0,98.0,1.3
388,C,1,"[2016-10-21 18:20:00,2016-10-21 18:40:00)",762.52,2016-10-21 18:20:00,2016-10-21 18:00:00,1005.3,1010.3,342.0,2.5,21.0,98.0,1.3
389,C,1,"[2016-10-21 18:40:00,2016-10-21 19:00:00)",230.61,2016-10-21 18:40:00,2016-10-21 18:00:00,1005.3,1010.3,342.0,2.5,21.0,98.0,1.3
390,C,3,"[2016-10-21 17:00:00,2016-10-21 17:20:00)",297.78,2016-10-21 17:00:00,2016-10-21 18:00:00,1005.3,1010.3,342.0,2.5,21.0,98.0,1.3
391,C,3,"[2016-10-21 17:20:00,2016-10-21 17:40:00)",269.7,2016-10-21 17:20:00,2016-10-21 18:00:00,1005.3,1010.3,342.0,2.5,21.0,98.0,1.3
392,C,3,"[2016-10-21 17:40:00,2016-10-21 18:00:00)",533.29,2016-10-21 17:40:00,2016-10-21 18:00:00,1005.3,1010.3,342.0,2.5,21.0,98.0,1.3
393,C,3,"[2016-10-21 18:00:00,2016-10-21 18:20:00)",611.21,2016-10-21 18:00:00,2016-10-21 18:00:00,1005.3,1010.3,342.0,2.5,21.0,98.0,1.3
394,C,3,"[2016-10-21 18:20:00,2016-10-21 18:40:00)",605.76,2016-10-21 18:20:00,2016-10-21 18:00:00,1005.3,1010.3,342.0,2.5,21.0,98.0,1.3
395,C,3,"[2016-10-21 18:40:00,2016-10-21 19:00:00)",608.09,2016-10-21 18:40:00,2016-10-21 18:00:00,1005.3,1010.3,342.0,2.5,21.0,98.0,1.3
396,A,2,"[2016-10-22 17:00:00,2016-10-22 17:20:00)",224.82,2016-10-22 17:00:00,2016-10-22 18:00:00,1005.3,1010.3,0.0,6.0,20.8,95.0,0.0
397,A,2,"[2016-10-22 17:20:00,2016-10-22 17:40:00)",218.01,2016-10-22 17:20:00,2016-10-22 18:00:00,1005.3,1010.3,0.0,6.0,20.8,95.0,0.0
398,A,2,"[2016-10-22 17:40:00,2016-10-22 18:00:00)",512.16,2016-10-22 17:40:00,2016-10-22 18:00:00,1005.3,1010.3,0.0,6.0,20.8,95.0,0.0
399,A,2,"[2016-10-22 18:00:00,2016-10-22 18:20:00)",456.27,2016-10-22 18:00:00,2016-10-22 18:00:00,1005.3,1010.3,0.0,6.0,20.8,95.0,0.0
400,A,2,"[2016-10-22 18:20:00,2016-10-22 18:40:00)",436.85,2016-10-22 18:20:00,2016-10-22 18:00:00,1005.3,1010.3,0.0,6.0,20.8,95.0,0.0
401,A,2,"[2016-10-22 18:40:00,2016-10-22 19:00:00)",123.11,2016-10-22 18:40:00,2016-10-22 18:00:00,1005.3,1010.3,0.0,6.0,20.8,95.0,0.0
402,A,3,"[2016-10-22 17:00:00,2016-10-22 17:20:00)",773.08,2016-10-22 17:00:00,2016-10-22 18:00:00,1005.3,1010.3,0.0,6.0,20.8,95.0,0.0
403,A,3,"[2016-10-22 17:20:00,2016-10-22 17:40:00)",138.23,2016-10-22 17:20:00,2016-10-22 18:00:00,1005.3,1010.3,0.0,6.0,20.8,95.0,0.0
404,A,3,"[2016-10-22 17:40:00,2016-10-22 18:00:00)",259.03,2016-10-22 17:40:00,2016-10-22 18:00:00,1005.3,1010.3,0.0,6.0,20.8,95.0,0.0
405,A,3,"[2016-10-22 18:00:00,2016-10-22 18:20:00)",272.13,2016-10-22 18:00:00,2016-10-22 18:00:00,1005.3,1010.3,0.0,6.0,20.8,95.0,0.0
406,A,3,"[2016-10-22 18:20:00,2016-10-22 18:40:00)",555.05,2016-10-22 18:20:00,2016-10-22 18:00:00,1005.3,1010.3,0.0,6.0,20.8,95.0,0.0
407,A,3,"[2016-10-22 18:40:00,2016-10-22 19:00:00)",631.96,2016-10-22 18:40:00,2016-10-22 18:00:00,1005.3,1010.3,0.0,6.0,20.8,95.0,0.0
408,B,1,"[2016-10-22 17:00:00,2016-10-22 17:20:00)",436.16,2016-10-22 17:00:00,2016-10-22 18:00:00,1005.3,1010.3,0.0,6.0,20.8,95.0,0.0
409,B,1,"[2016-10-22 17:20:00,2016-10-22 17:40:00)",48.49,2016-10-22 17:20:00,2016-10-22 18:00:00,1005.3,1010.3,0.0,6.0,20.8,95.0,0.0
410,B,1,"[2016-10-22 17:40:00,2016-10-22 18:00:00)",22.91,2016-10-22 17:40:00,2016-10-22 18:00:00,1005.3,1010.3,0.0,6.0,20.8,95.0,0.0
411,B,1,"[2016-10-22 18:00:00,2016-10-22 18:20:00)",135.93,2016-10-22 18:00:00,2016-10-22 18:00:00,1005.3,1010.3,0.0,6.0,20.8,95.0,0.0
412,B,1,"[2016-10-22 18:20:00,2016-10-22 18:40:00)",21.35,2016-10-22 18:20:00,2016-10-22 18:00:00,1005.3,1010.3,0.0,6.0,20.8,95.0,0.0
413,B,1,"[2016-10-22 18:40:00,2016-10-22 19:00:00)",195.61,2016-10-22 18:40:00,2016-10-22 18:00:00,1005.3,1010.3,0.0,6.0,20.8,95.0,0.0
414,B,3,"[2016-10-22 17:00:00,2016-10-22 17:20:00)",683.82,2016-10-22 17:00:00,2016-10-22 18:00:00,1005.3,1010.3,0.0,6.0,20.8,95.0,0.0
415,B,3,"[2016-10-22 17:20:00,2016-10-22 17:40:00)",579.51,2016-10-22 17:20:00,2016-10-22 18:00:00,1005.3,1010.3,0.0,6.0,20.8,95.0,0.0
416,B,3,"[2016-10-22 17:40:00,2016-10-22 18:00:00)",370.32,2016-10-22 17:40:00,2016-10-22 18:00:00,1005.3,1010.3,0.0,6.0,20.8,95.0,0.0
417,B,3,"[2016-10-22 18:00:00,2016-10-22 18:20:00)",583.17,2016-10-22 18:00:00,2016-10-22 18:00:00,1005.3,1010.3,0.0,6.0,20.8,95.0,0.0
418,B,3,"[2016-10-22 18:20:00,2016-10-22 18:40:00)",483.32,2016-10-22 18:20:00,2016-10-22 18:00:00,1005.3,1010.3,0.0,6.0,20.8,95.0,0.0
419,B,3,"[2016-10-22 18:40:00,2016-10-22 19:00:00)",312.53,2016-10-22 18:40:00,2016-10-22 18:00:00,1005.3,1010.3,0.0,6.0,20.8,95.0,0.0
420,C,1,"[2016-10-22 17:00:00,2016-10-22 17:20:00)",388.39,2016-10-22 17:00:00,2016-10-22 18:00:00,1005.3,1010.3,0.0,6.0,20.8,95.0,0.0
421,C,1,"[2016-10-22 17:20:00,2016-10-22 17:40:00)",287.29,2016-10-22 17:20:00,2016-10-22 18:00:00,1005.3,1010.3,0.0,6.0,20.8,95.0,0.0
422,C,1,"[2016-10-22 17:40:00,2016-10-22 18:00:00)",228.77,2016-10-22 17:40:00,2016-10-22 18:00:00,1005.3,1010.3,0.0,6.0,20.8,95.0,0.0
423,C,1,"[2016-10-22 18:00:00,2016-10-22 18:20:00)",166.85,2016-10-22 18:00:00,2016-10-22 18:00:00,1005.3,1010.3,0.0,6.0,20.8,95.0,0.0
424,C,1,"[2016-10-22 18:20:00,2016-10-22 18:40:00)",245.35,2016-10-22 18:20:00,2016-10-22 18:00:00,1005.3,1010.3,0.0,6.0,20.8,95.0,0.0
425,C,1,"[2016-10-22 18:40:00,2016-10-22 19:00:00)",604.09,2016-10-22 18:40:00,2016-10-22 18:00:00,1005.3,1010.3,0.0,6.0,20.8,95.0,0.0
426,C,3,"[2016-10-22 17:00:00,2016-10-22 17:20:00)",772.61,2016-10-22 17:00:00,2016-10-22 18:00:00,1005.3,1010.3,0.0,6.0,20.8,95.0,0.0
427,C,3,"[2016-10-22 17:20:00,2016-10-22 17:40:00)",379.59,2016-10-22 17:20:00,2016-10-22 18:00:00,1005.3,1010.3,0.0,6.0,20.8,95.0,0.0
428,C,3,"[2016-10-22 17:40:00,2016-10-22 18:00:00)",653.98,2016-10-22 17:40:00,2016-10-22 18:00:00,1005.3,1010.3,0.0,6.0,20.8,95.0,0.0
429,C,3,"[2016-10-22 18:00:00,2016-10-22 18:20:00)",59.01,2016-10-22 18:00:00,2016-10-22 18:00:00,1005.3,1010.3,0.0,6.0,20.8,95.0,0.0
430,C,3,"[2016-10-22 18:20:00,2016-10-22 18:40:00)",127.81,2016-10-22 18:20:00,2016-10-22 18:00:00,1005.3,1010.3,0.0,6.0,20.8,95.0,0.0
431,C,3,"[2016-10-22 18:40:00,2016-10-22 19:00:00)",652.77,2016-10-22 18:40:00,2016-10-22 18:00:00,1005.3,1010.3,0.0,6.0,20.8,95.0,0.0
432,A,2,"[2016-10-23 17:00:00,2016-10-23 17:20:00)",448.54,2016-10-23 17:00:00,2016-10-23 18:00:00,1011.0,1016.0,43.0,0.8,19.3,92.0,0.0
433,A,2,"[2016-10-23 17:20:00,2016-10-23 17:40:00)",349.11,2016-10-23 17:20:00,2016-10-23 18:00:00,1011.0,1016.0,43.0,0.8,19.3,92.0,0.0
434,A,2,"[2016-10-23 17:40:00,2016-10-23 18:00:00)",430.09,2016-10-23 17:40:00,2016-10-23 18:00:00,1011.0,1016.0,43.0,0.8,19.3,92.0,0.0
435,A,2,"[2016-10-23 18:00:00,2016-10-23 18:20:00)",184.86,2016-10-23 18:00:00,2016-10-23 18:00:00,1011.0,1016.0,43.0,0.8,19.3,92.0,0.0
436,A,2,"[2016-10-23 18:20:00,2016-10-23 18:40:00)",99.69,2016-10-23 18:20:00,2016-10-23 18:00:00,1011.0,1016.0,43.0,0.8,19.3,92.0,0.0
437,A,2,"[2016-10-23 18:40:00,2016-10-23 19:00:00)",230.8,2016-10-23 18:40:00,2016-10-23 18:00:00,1011.0,1016.0,43.0,0.8,19.3,92.0,0.0
438,A,3,"[2016-10-23 17:00:00,2016-10-23 17:20:00)",604.9,2016-10-23 17:00:00,2016-10-23 18:00:00,1011.0,1016.0,43.0,0.8,19.3,92.0,0.0
439,A,3,"[2016-10-23 17:20:00,2016-10-23 17:40:00)",722.28,2016-10-23 17:20:00,2016-10-23 18:00:00,1011.0,1016.0,43.0,0.8,19.3,92.0,0.0
440,A,3,"[2016-10-23 17:40:00,2016-10-23 18:00:00)",267.91,2016-10-23 17:40:00,2016-10-23 18:00:00,1011.0,1016.0,43.0,0.8,19.3,92.0,0.0
441,A,3,"[2016-10-23 18:00:00,2016-10-23 18:20:00)",451.12,2016-10-23 18:00:00,2016-10-23 18:00:00,1011.0,1016.0,43.0,0.8,19.3,92.0,0.0
442,A,3,"[2016-10-23 18:20:00,2016-10-23 18:40:00)",390.61,2016-10-23 18:20:00,2016-10-23 18:00:00,1011.0,1016.0,43.0,0.8,19.3,92.0,0.0
443,A,3,"[2016-10-23 18:40:00,2016-10-23 19:00:00)",83.52,2016-10-23 18:40:00,2016-10-23 18:00:00,1011.0,1016.0,43.0,0.8,19.3,92.0,0.0
444,B,1,"[2016-10-23 17:00:00,2016-10-23 17:20:00)",328.74,2016-10-23 17:00:00,2016-10-23 18:00:00,1011.0,1016.0,43.0,0.8,19.3,92.0,0.0
445,B,1,"[2016-10-23 17:20:00,2016-10-23 17:40:00)",700.35,2016-10-23 17:20:00,2016-10-23 18:00:00,1011.0,1016.0,43.0,0.8,19.3,92.0,0.0
446,B,1,"[2016-10-23 17:40:00,2016-10-23 18:00:00)",168.58,2016-10-23 17:40:00,2016-10-23 18:00:00,1011.0,1016.0,43.0,0.8,19.3,92.0,0.0
447,B,1,"[2016-10-23 18:00:00,2016-10-23 18:20:00)",345.81,2016-10-23 18:00:00,2016-10-23 18:00:00,1011.0,1016.0,43.0,0.8,19.3,92.0,0.0
448,B,1,"[2016-10-23 18:20:00,2016-10-23 18:40:00)",161.84,2016-10-23 18:20:00,2016-10-23 18:00:00,1011.0,1016.0,43.0,0.8,19.3,92.0,0.0
449,B,1,"[2016-10-23 18:40:00,2016-10-23 19:00:00)",308.37,2016-10-23 18:40:00,2016-10-23 18:00:00,1011.0,1016.0,43.0,0.8,19.3,92.0,0.0
450,B,3,"[2016-10-23 17:00:00,2016-10-23 17:20:00)",226.11,2016-10-23 17:00:00,2016-10-23 18:00:00,1011.0,1016.0,43.0,0.8,19.3,92.0,0.0
451,B,3,"[2016-10-23 17:20:00,2016-10-23 17:40:00)",40.85,2016-10-23 17:20:00,2016-10-23 18:00:00,1011.0,1016.0,43.0,0.8,19.3,92.0,0.0
452,B,3,"[2016-10-23 17:40:00,2016-10-23 18:00:00)",24.97,2016-10-23 17:40:00,2016-10-23 18:00:00,1011.0,1016.0,43.0,0.8,19.3,92.0,0.0
453,B,3,"[2016-10-23 18:00:00,2016-10-23 18:20:00)",286.77,2016-10-23 18:00:00,2016-10-23 18:00:00,1011.0,1016.0,43.0,0.8,19.3,92.0,0.0
454,B,3,"[2016-10-23 18:20:00,2016-10-23 18:40:00)",252.69,2016-10-23 18:20:00,2016-10-23 18:00:00,1011.0,1016.0,43.0,0.8,19.3,92.0,0.0
455,B,3,"[2016-10-23 18:40:00,2016-10-23 19:00:00)",610.84,2016-10-23 18:40:00,2016-10-23 18:00:00,1011.0,1016.0,43.0,0.8,19.3,92.0,0.0
456,C,1,"[2016-10-23 17:00:00,2016-10-23 17:20:00)",239.72,2016-10-23 17:00:00,2016-10-23 18:00:00,1011.0,1016.0,43.0,0.8,19.3,92.0,0.0
457,C,1,"[2016-10-23 17:20:00,2016-10-23 17:40:00)",419.64,2016-10-23 17:20:00,2016-10-23 18:00:00,1011.0,1016.0,43.0,0.8,19.3,92.0,0.0
458,C,1,"[2016-10-23 17:40:00,2016-10-23 18:00:00)",34.53,2016-10-23 17:40:00,2016-10-23 18:00:00,1011.0,1016.0,43.0,0.8,19.3,92.0,0.0
459,C,1,"[2016-10-23 18:00:00,2016-10-23 18:20:00)",413.23,2016-10-23 18:00:00,2016-10-23 18:00:00,1011.0,1016.0,43.0,0.8,19.3,92.0,0.0
460,C,1,"[2016-10-23 18:20:00,2016-10-23 18:40:00)",58.85,2016-10-23 18:20:00,2016-10-23 18:00:00,1011.0,1016.0,43.0,0.8,19.3,92.0,0.0
461,C,1,"[2016-10-23 18:40:00,2016-10-23 19:00:00)",282.06,2016-10-23 18:40:00,2016-10-23 18:00:00,1011.0,1016.0,43.0,0.8,19.3,92.0,0.0
462,C,3,"[2016-10-23 17:00:00,2016-10-23 17:20:00)",324.3,2016-10-23 17:00:00,2016-10-23 18:00:00,1011.0,1016.0,43.0,0.8,19.3,92.0,0.0
463,C,3,"[2016-10-23 17:20:00,2016-10-23 17:40:00)",257.89,2016-10-23 17:20:00,2016-10-23 18:00:00,1011.0,1016.0,43.0,0.8,19.3,92.0,0.0
464,C,3,"[2016-10-23 17:40:00,2016-10-23 18:00:00)",660.74,2016-10-23 17:40:00,2016-10-23 18:00:00,1011.0,1016.0,43.0,0.8,19.3,92.0,0.0
465,C,3,"[2016-10-23 18:00:00,2016-10-23 18:20:00)",652.06,2016-10-23 18:00:00,2016-10-23 18:00:00,1011.0,1016.0,43.0,0.8,19.3,92.0,0.0
466,C,3,"[2016-10-23 18:20:00,2016-10-23 18:40:00)",246.43,2016-10-23 18:20:00,2016-10-23 18:00:00,1011.0,1016.0,43.0,0.8,19.3,92.0,0.0
467,C,3,"[2016-10-23 18:40:00,2016-10-23 19:00:00)",486.65,2016-10-23 18:40:00,2016-10-23 18:00:00,1011.0,1016.0,43.0,0.8,19.3,92.0,0.0
468,A,2,"[2016-10-24 17:00:00,2016-10-24 17:20:00)",220.4,2016-10-24 17:00:00,2016-10-24 18:00:00,1007.3,1012.3,226.0,3.0,20.7,94.0,0.0
469,A,2,"[2016-10-24 17:20:00,2016-10-24 17:40:00)",60.17,2016-10-24 17:20:00,2016-10-24 18:00:00,1007.3,1012.3,226.0,3.0,20.7,94.0,0.0
470,A,2,"[2016-10-24 17:40:00,2016-10-24 18:00:00)",208.76,2016-10-24 17:40:00,2016-10-24 18:00:00,1007.3,1012.3,226.0,3.0,20.7,94.0,0.0
471,A,2,"[2016-10-24 18:00:00,2016-10-24 18:20:00)",227.31,2016-10-24 18:00:00,2016-10-24 18:00:00,1007.3,1012.3,226.0,3.0,20.7,94.0,0.0
472,A,2,"[2016-10-24 18:20:00,2016-10-24 18:40:00)",277.06,2016-10-24 18:20:00,2016-10-24 18:00:00,1007.3,1012.3,226.0,3.0,20.7,94.0,0.0
473,A,2,"[2016-10-24 18:40:00,2016-10-24 19:00:00)",517.01,2016-10-24 18:40:00,2016-10-24 18:00:00,1007.3,1012.3,226.0,3.0,20.7,94.0,0.0
474,A,3,"[2016-10-24 17:00:00,2016-10-24 17:20:00)",538.44,2016-10-24 17:00:00,2016-10-24 18:00:00,1007.3,1012.3,226.0,3.0,20.7,94.0,0.0
475,A,3,"[2016-10-24 17:20:00,2016-10-24 17:40:00)",504.09,2016-10-24 17:20:00,2016-10-24 18:00:00,1007.3,1012.3,226.0,3.0,20.7,94.0,0.0
476,A,3,"[2016-10-24 17:40:00,2016-10-24 18:00:00)",501.68,2016-10-24 17:40:00,2016-10-24 18:00:00,1007.3,1012.3,226.0,3.0,20.7,94.0,0.0
477,A,3,"[2016-10-24 18:00:00,2016-10-24 18:20:00)",31.39,2016-10-24 18:00:00,2016-10-24 18:00:00,1007.3,1012.3,226.0,3.0,20.7,94.0,0.0
478,A,3,"[2016-10-24 18:20:00,2016-10-24 18:40:00)",126.24,2016-10-24 18:20:00,2016-10-24 18:00:00,1007.3,1012.3,226.0,3.0,20.7,94.0,0.0
479,A,3,"[2016-10-24 18:40:00,2016-10-24 19:00:00)",400.39,2016-10-24 18:40:00,2016-10-24 18:00:00,1007.3,1012.3,226.0,3.0,20.7,94.0,0.0
480,B,1,"[2016-10-24 17:00:00,2016-10-24 17:20:00)",477.07,2016-10-24 17:00:00,2016-10-24 18:00:00,1007.3,1012.3,226.0,3.0,20.7,94.0,0.0
481,B,1,"[2016-10-24 17:20:00,2016-10-24 17:40:00)",520.11,2016-10-24 17:20:00,2016-10-24 18:00:00,1007.3,1012.3,226.0,3.0,20.7,94.0,0.0
482,B,1,"[2016-10-24 17:40:00,2016-10-24 18:00:00)",705.6,2016-10-24 17:40:00,2016-10-24 18:00:00,1007.3,1012.3,226.0,3.0,20.7,94.0,0.0
483,B,1,"[2016-10-24 18:00:00,2016-10-24 18:20:00)",714.47,2016-10-24 18:00:00,2016-10-24 18:00:00,1007.3,1012.3,226.0,3.0,20.7,94.0,0.0
484,B,1,"[2016-10-24 18:20:00,2016-10-24 18:40:00)",572.81,2016-10-24 18:20:00,2016-10-24 18:00:00,1007.3,1012.3,226.0,3.0,20.7,94.0,0.0
485,B,1,"[2016-10-24 18:40:00,2016-10-24 19:00:00)",633.55,2016-10-24 18:40:00,2016-10-24 18:00:00,1007.3,1012.3,226.0,3.0,20.7,94.0,0.0
486,B,3,"[2016-10-24 17:00:00,2016-10-24 17:20:00)",542.78,2016-10-24 17:00:00,2016-10-24 18:00:00,1007.3,1012.3,226.0,3.0,20.7,94.0,0.0
487,B,3,"[2016-10-24 17:20:00,2016-10-24 17:40:00)",516.83,2016-10-24 17:20:00,2016-10-24 18:00:00,1007.3,1012.3,226.0,3.0,20.7,94.0,0.0
488,B,3,"[2016-10-24 17:40:00,2016-10-24 18:00:00)",707.16,2016-10-24 17:40:00,2016-10-24 18:00:00,1007.3,1012.3,226.0,3.0,20.7,94.0,0.0
489,B,3,"[2016-10-24 18:00:00,2016-10-24 18:20:00)",68.16,2016-10-24 18:00:00,2016-10-24 18:00:00,1007.3,1012.3,226.0,3.0,20.7,94.0,0.0
490,B,3,"[2016-10-24 18:20:00,2016-10-24 18:40:00)",674.98,2016-10-24 18:20:00,2016-10-24 18:00:00,1007.3,1012.3,226.0,3.0,20.7,94.0,0.0
491,B,3,"[2016-10-24 18:40:00,2016-10-24 19:00:00)",357.32,2016-10-24 18:40:00,2016-10-24 18:00:00,1007.3,1012.3,226.0,3.0,20.7,94.0,0.0
492,C,1,"[2016-10-24 17:00:00,2016-10-24 17:20:00)",493.19,2016-10-24 17:00:00,2016-10-24 18:00:00,1007.3,1012.3,226.0,3.0,20.7,94.0,0.0
493,C,1,"[2016-10-24 17:20:00,2016-10-24 17:40:00)",155.3,2016-10-24 17:20:00,2016-10-24 18:00:00,1007.3,1012.3,226.0,3.0,20.7,94.0,0.0
494,C,1,"[2016-10-24 17:40:00,2016-10-24 18:00:00)",470.54,2016-10-24 17:40:00,2016-10-24 18:00:00,1007.3,1012.3,226.0,3.0,20.7,94.0,0.0
495,C,1,"[2016-10-24 18:00:00,2016-10-24 18:20:00)",560.95,2016-10-24 18:00:00,2016-10-24 18:00:00,1007.3,1012.3,226.0,3.0,20.7,94.0,0.0
496,C,1,"[2016-10-24 18:20:00,2016-10-24 18:40:00)",460.21,2016-10-24 18:20:00,2016-10-24 18:00:00,1007.3,1012.3,226.0,3.0,20.7,94.0,0.0
497,C,1,"[2016-10-24 18:40:00,2016-10-24 19:00:00)",610.65,2016-10-24 18:40:00,2016-10-24 18:00:00,1007.3,1012.3,226.0,3.0,20.7,94.0,0.0
498,C,3,"[2016-10-24 17:00:00,2016-10-24 17:20:00)",437.11,2016-10-24 17:00:00,2016-10-24 18:00:00,1007.3,1012.3,226.0,3.0,20.7,94.0,0.0
499,C,3,"[2016-10-24 17:20:00,2016-10-24 17:40:00)",485.05,2016-10-24 17:20:00,2016-10-24 18:00:00,1007.3,1012.3,226.0,3.0,20.7,94.0,0.0
500,C,3,"[2016-10-24 17:40:00,2016-10-24 18:00:00)",83.02,2016-10-24 17:40:00,2016-10-24 18:00:00,1007.3,1012.3,226.0,3.0,20.7,94.0,0.0
501,C,3,"[2016-10-24 18:00:00,2016-10-24 18:20:00)",748.61,2016-10-24 18:00:00,2016-10-24 18:00:00,1007.3,1012.3,226.0,3.0,20.7,94.0,0.0
502,C,3,"[2016-10-24 18:20:00,2016-10-24 18:40:00)",623.45,2016-10-24 18:20:00,2016-10-24 18:00:00,1007.3,1012.3,226.0,3.0,20.7,94.0,0.0
503,C,3,"[2016-10-24 18:40:00,2016-10-24 19:00:00)",559.67,2016-10-24 18:40:00,2016-10-24 18:00:00,1007.3,1012.3,226.0,3.0,20.7,94.0,0.0
