,intersection_id,tollgate_id,pressure,sea_pressure,wind_direction,wind_speed,temperature,rel_humidity,precipitation,hour,week,minute,avg_travel_time
0,1,2,1013.0,1018.0,205.0,0.6,20.9,94.0,1.8,8,2,0,681.3
1,1,2,1013.0,1018.0,205.0,0.6,20.9,94.0,1.8,8,2,20,128.11
2,1,2,1013.0,1018.0,205.0,0.6,20.9,94.0,1.8,8,2,40,176.23
3,1,2,1013.0,1018.0,205.0,0.6,20.9,94.0,1.8,9,2,0,749.09
4,1,2,1013.0,1018.0,205.0,0.6,20.9,94.0,1.8,9,2,20,37.22
5,1,2,1013.0,1018.0,205.0,0.6,20.9,94.0,1.8,9,2,40,184.95
6,1,3,1013.0,1018.0,205.0,0.6,20.9,94.0,1.8,8,2,0,390.3
7,1,3,1013.0,1018.0,205.0,0.6,20.9,94.0,1.8,8,2,20,581.84
8,1,3,1013.0,1018.0,205.0,0.6,20.9,94.0,1.8,8,2,40,35.58
9,1,3,1013.0,1018.0,205.0,0.6,20.9,94.0,1.8,9,2,0,636.4
10,1,3,1013.0,1018.0,205.0,0.6,20.9,94.0,1.8,9,2,20,277.84
11,1,3,1013.0,1018.0,205.0,0.6,20.9,94.0,1.8,9,2,40,338.26
12,2,1,1013.0,1018.0,205.0,0.6,20.9,94.0,1.8,8,2,0,796.15
13,2,1,1013.0,1018.0,205.0,0.6,20.9,94.0,1.8,8,2,20,764.56
14,2,1,1013.0,1018.0,205.0,0.6,20.9,94.0,1.8,8,2,40,627.1
15,2,1,1013.0,1018.0,205.0,0.6,20.9,94.0,1.8,9,2,0,576.95
16,2,1,1013.0,1018.0,205.0,0.6,20.9,94.0,1.8,9,2,20,151.97
17,2,1,1013.0,1018.0,205.0,0.6,20.9,94.0,1.8,9,2,40,720.37
18,2,3,1013.0,1018.0,205.0,0.6,20.9,94.0,1.8,8,2,0,134.38
19,2,3,1013.0,1018.0,205.0,0.6,20.9,94.0,1.8,8,2,20,797.27
20,2,3,1013.0,1018.0,205.0,0.6,20.9,94.0,1.8,8,2,40,518.69
21,2,3,1013.0,1018.0,205.0,0.6,20.9,94.0,1.8,9,2,0,194.33
22,2,3,1013.0,1018.0,205.0,0.6,20.9,94.0,1.8,9,2,20,551.26
23,2,3,1013.0,1018.0,205.0,0.6,20.9,94.0,1.8,9,2,40,369.11
24,3,1,1013.0,1018.0,205.0,0.6,20.9,94.0,1.8,8,2,0,755.51
25,3,1,1013.0,1018.0,205.0,0.6,20.9,94.0,1.8,8,2,20,511.98
26,3,1,1013.0,1018.0,205.0,0.6,20.9,94.0,1.8,8,2,40,443.83
27,3,1,1013.0,1018.0,205.0,0.6,20.9,94.0,1.8,9,2,0,711.83
28,3,1,1013.0,1018.0,205.0,0.6,20.9,94.0,1.8,9,2,20,112.73
29,3,1,1013.0,1018.0,205.0,0.6,20.9,94.0,1.8,9,2,40,779.28
30,3,3,1013.0,1018.0,205.0,0.6,20.9,94.0,1.8,8,2,0,200.24
31,3,3,1013.0,1018.0,205.0,0.6,20.9,94.0,1.8,8,2,20,28.37
32,3,3,1013.0,1018.0,205.0,0.6,20.9,94.0,1.8,8,2,40,225.34
33,3,3,1013.0,1018.0,205.0,0.6,20.9,94.0,1.8,9,2,0,721.66
34,3,3,1013.0,1018.0,205.0,0.6,20.9,94.0,1.8,9,2,20,289.0
35,3,3,1013.0,1018.0,205.0,0.6,20.9,94.0,1.8,9,2,40,409.04
36,1,2,1010.9,1015.9,96.0,1.8,20.5,95.0,0.2,8,3,0,614.73
37,1,2,1010.9,1015.9,96.0,1.8,20.5,95.0,0.2,8,3,20,118.63
38,1,2,1010.9,1015.9,96.0,1.8,20.5,95.0,0.2,8,3,40,63.27
39,1,2,1010.9,1015.9,96.0,1.8,20.5,95.0,0.2,9,3,0,516.6
40,1,2,1010.9,1015.9,96.0,1.8,20.5,95.0,0.2,9,3,20,42.83
41,1,2,1010.9,1015.9,96.0,1.8,20.5,95.0,0.2,9,3,40,459.44
42,1,3,1010.9,1015.9,96.0,1.8,20.5,95.0,0.2,8,3,0,480.7
43,1,3,1010.9,1015.9,96.0,1.8,20.5,95.0,0.2,8,3,20,109.43
44,1,3,1010.9,1015.9,96.0,1.8,20.5,95.0,0.2,8,3,40,518.37
45,1,3,1010.9,1015.9,96.0,1.8,20.5,95.0,0.2,9,3,0,96.84
46,1,3,1010.9,1015.9,96.0,1.8,20.5,95.0,0.2,9,3,20,484.39
47,1,3,1010.9,1015.9,96.0,1.8,20.5,95.0,0.2,9,3,40,156.15
48,2,1,1010.9,1015.9,96.0,1.8,20.5,95.0,0.2,8,3,0,195.55
49,2,1,1010.9,1015.9,96.0,1.8,20.5,95.0,0.2,8,3,20,462.95
50,2,1,1010.9,1015.9,96.0,1.8,20.5,95.0,0.2,8,3,40,213.37
51,2,1,1010.9,1015.9,96.0,1.8,20.5,95.0,0.2,9,3,0,43.09
52,2,1,1010.9,1015.9,96.0,1.8,20.5,95.0,0.2,9,3,20,232.07
53,2,1,1010.9,1015.9,96.0,1.8,20.5,95.0,0.2,9,3,40,745.97
54,2,3,1010.9,1015.9,96.0,1.8,20.5,95.0,0.2,8,3,0,784.17
55,2,3,1010.9,1015.9,96.0,1.8,20.5,95.0,0.2,8,3,20,268.12
56,2,3,1010.9,1015.9,96.0,1.8,20.5,95.0,0.2,8,3,40,45.38
57,2,3,1010.9,1015.9,96.0,1.8,20.5,95.0,0.2,9,3,0,326.4
58,2,3,1010.9,1015.9,96.0,1.8,20.5,95.0,0.2,9,3,20,719.5
59,2,3,1010.9,1015.9,96.0,1.8,20.5,95.0,0.2,9,3,40,34.22
60,3,1,1010.9,1015.9,96.0,1.8,20.5,95.0,0.2,8,3,0,129.77
61,3,1,1010.9,1015.9,96.0,1.8,20.5,95.0,0.2,8,3,20,444.61
62,3,1,1010.9,1015.9,96.0,1.8,20.5,95.0,0.2,8,3,40,556.24
63,3,1,1010.9,1015.9,96.0,1.8,20.5,95.0,0.2,9,3,0,401.62
64,3,1,1010.9,1015.9,96.0,1.8,20.5,95.0,0.2,9,3,20,209.48
65,3,1,1010.9,1015.9,96.0,1.8,20.5,95.0,0.2,9,3,40,711.04
66,3,3,1010.9,1015.9,96.0,1.8,20.5,95.0,0.2,8,3,0,514.72
67,3,3,1010.9,1015.9,96.0,1.8,20.5,95.0,0.2,8,3,20,533.54
68,3,3,1010.9,1015.9,96.0,1.8,20.5,95.0,0.2,8,3,40,468.9
69,3,3,1010.9,1015.9,96.0,1.8,20.5,95.0,0.2,9,3,0,392.41
70,3,3,1010.9,1015.9,96.0,1.8,20.5,95.0,0.2,9,3,20,255.91
71,3,3,1010.9,1015.9,96.0,1.8,20.5,95.0,0.2,9,3,40,231.76
72,1,2,1008.1,1013.1,96.0,2.0,22.4,91.0,0.0,8,4,0,56.98
73,1,2,1008.1,1013.1,96.0,2.0,22.4,91.0,0.0,8,4,20,566.16
74,1,2,1008.1,1013.1,96.0,2.0,22.4,91.0,0.0,8,4,40,125.39
75,1,2,1008.1,1013.1,96.0,2.0,22.4,91.0,0.0,9,4,0,777.55
76,1,2,1008.1,1013.1,96.0,2.0,22.4,91.0,0.0,9,4,20,205.22
77,1,2,1008.1,1013.1,96.0,2.0,22.4,91.0,0.0,9,4,40,164.18
78,1,3,1008.1,1013.1,96.0,2.0,22.4,91.0,0.0,8,4,0,323.64
79,1,3,1008.1,1013.1,96.0,2.0,22.4,91.0,0.0,8,4,20,283.28
80,1,3,1008.1,1013.1,96.0,2.0,22.4,91.0,0.0,8,4,40,57.28
81,1,3,1008.1,1013.1,96.0,2.0,22.4,91.0,0.0,9,4,0,607.32
82,1,3,1008.1,1013.1,96.0,2.0,22.4,91.0,0.0,9,4,20,458.32
83,1,3,1008.1,1013.1,96.0,2.0,22.4,91.0,0.0,9,4,40,527.3
84,2,1,1008.1,1013.1,96.0,2.0,22.4,91.0,0.0,8,4,0,731.14
85,2,1,1008.1,1013.1,96.0,2.0,22.4,91.0,0.0,8,4,20,266.5
86,2,1,1008.1,1013.1,96.0,2.0,22.4,91.0,0.0,8,4,40,527.62
87,2,1,1008.1,1013.1,96.0,2.0,22.4,91.0,0.0,9,4,0,205.01
88,2,1,1008.1,1013.1,96.0,2.0,22.4,91.0,0.0,9,4,20,127.86
89,2,1,1008.1,1013.1,96.0,2.0,22.4,91.0,0.0,9,4,40,596.23
90,2,3,1008.1,1013.1,96.0,2.0,22.4,91.0,0.0,8,4,0,496.7
91,2,3,1008.1,1013.1,96.0,2.0,22.4,91.0,0.0,8,4,20,500.99
92,2,3,1008.1,1013.1,96.0,2.0,22.4,91.0,0.0,8,4,40,735.57
93,2,3,1008.1,1013.1,96.0,2.0,22.4,91.0,0.0,9,4,0,609.52
94,2,3,1008.1,1013.1,96.0,2.0,22.4,91.0,0.0,9,4,20,109.12
95,2,3,1008.1,1013.1,96.0,2.0,22.4,91.0,0.0,9,4,40,307.67
96,3,1,1008.1,1013.1,96.0,2.0,22.4,91.0,0.0,8,4,0,312.65
97,3,1,1008.1,1013.1,96.0,2.0,22.4,91.0,0.0,8,4,20,93.0
98,3,1,1008.1,1013.1,96.0,2.0,22.4,91.0,0.0,8,4,40,378.45
99,3,1,1008.1,1013.1,96.0,2.0,22.4,91.0,0.0,9,4,0,792.19
100,3,1,1008.1,1013.1,96.0,2.0,22.4,91.0,0.0,9,4,20,41.35
101,3,1,1008.1,1013.1,96.0,2.0,22.4,91.0,0.0,9,4,40,744.79
102,3,3,1008.1,1013.1,96.0,2.0,22.4,91.0,0.0,8,4,0,61.01
103,3,3,1008.1,1013.1,96.0,2.0,22.4,91.0,0.0,8,4,20,344.61
104,3,3,1008.1,1013.1,96.0,2.0,22.4,91.0,0.0,8,4,40,331.13
105,3,3,1008.1,1013.1,96.0,2.0,22.4,91.0,0.0,9,4,0,328.36
106,3,3,1008.1,1013.1,96.0,2.0,22.4,91.0,0.0,9,4,20,696.52
107,3,3,1008.1,1013.1,96.0,2.0,22.4,91.0,0.0,9,4,40,25.87
108,1,2,1004.3,1009.3,340.0,2.8,21.2,98.0,0.0,8,5,0,466.2
109,1,2,1004.3,1009.3,340.0,2.8,21.2,98.0,0.0,8,5,20,765.33
110,1,2,1004.3,1009.3,340.0,2.8,21.2,98.0,0.0,8,5,40,700.79
111,1,2,1004.3,1009.3,340.0,2.8,21.2,98.0,0.0,9,5,0,416.49
112,1,2,1004.3,1009.3,340.0,2.8,21.2,98.0,0.0,9,5,20,248.9
113,1,2,1004.3,1009.3,340.0,2.8,21.2,98.0,0.0,9,5,40,673.67
114,1,3,1004.3,1009.3,340.0,2.8,21.2,98.0,0.0,8,5,0,501.64
115,1,3,1004.3,1009.3,340.0,2.8,21.2,98.0,0.0,8,5,20,525.49
116,1,3,1004.3,1009.3,340.0,2.8,21.2,98.0,0.0,8,5,40,137.07
117,1,3,1004.3,1009.3,340.0,2.8,21.2,98.0,0.0,9,5,0,758.6
118,1,3,1004.3,1009.3,340.0,2.8,21.2,98.0,0.0,9,5,20,441.29
119,1,3,1004.3,1009.3,340.0,2.8,21.2,98.0,0.0,9,5,40,32.53
120,2,1,1004.3,1009.3,340.0,2.8,21.2,98.0,0.0,8,5,0,694.67
121,2,1,1004.3,1009.3,340.0,2.8,21.2,98.0,0.0,8,5,20,70.78
122,2,1,1004.3,1009.3,340.0,2.8,21.2,98.0,0.0,8,5,40,217.8
123,2,1,1004.3,1009.3,340.0,2.8,21.2,98.0,0.0,9,5,0,295.28
124,2,1,1004.3,1009.3,340.0,2.8,21.2,98.0,0.0,9,5,20,241.35
125,2,1,1004.3,1009.3,340.0,2.8,21.2,98.0,0.0,9,5,40,598.35
126,2,3,1004.3,1009.3,340.0,2.8,21.2,98.0,0.0,8,5,0,198.67
127,2,3,1004.3,1009.3,340.0,2.8,21.2,98.0,0.0,8,5,20,388.3
128,2,3,1004.3,1009.3,340.0,2.8,21.2,98.0,0.0,8,5,40,56.87
129,2,3,1004.3,1009.3,340.0,2.8,21.2,98.0,0.0,9,5,0,558.48
130,2,3,1004.3,1009.3,340.0,2.8,21.2,98.0,0.0,9,5,20,767.7
131,2,3,1004.3,1009.3,340.0,2.8,21.2,98.0,0.0,9,5,40,95.07
132,3,1,1004.3,1009.3,340.0,2.8,21.2,98.0,0.0,8,5,0,587.35
133,3,1,1004.3,1009.3,340.0,2.8,21.2,98.0,0.0,8,5,20,486.68
134,3,1,1004.3,1009.3,340.0,2.8,21.2,98.0,0.0,8,5,40,456.76
135,3,1,1004.3,1009.3,340.0,2.8,21.2,98.0,0.0,9,5,0,782.89
136,3,1,1004.3,1009.3,340.0,2.8,21.2,98.0,0.0,9,5,20,25.88
137,3,1,1004.3,1009.3,340.0,2.8,21.2,98.0,0.0,9,5,40,141.48
138,3,3,1004.3,1009.3,340.0,2.8,21.2,98.0,0.0,8,5,0,280.07
139,3,3,1004.3,1009.3,340.0,2.8,21.2,98.0,0.0,8,5,20,85.43
140,3,3,1004.3,1009.3,340.0,2.8,21.2,98.0,0.0,8,5,40,400.74
141,3,3,1004.3,1009.3,340.0,2.8,21.2,98.0,0.0,9,5,0,265.36
142,3,3,1004.3,1009.3,340.0,2.8,21.2,98.0,0.0,9,5,20,270.83
143,3,3,1004.3,1009.3,340.0,2.8,21.2,98.0,0.0,9,5,40,413.07
144,1,2,999.4,1004.3,117.0,2.0,22.8,97.0,3.1,8,6,0,574.81
145,1,2,999.4,1004.3,117.0,2.0,22.8,97.0,3.1,8,6,20,621.6
146,1,2,999.4,1004.3,117.0,2.0,22.8,97.0,3.1,8,6,40,638.73
147,1,2,999.4,1004.3,117.0,2.0,22.8,97.0,3.1,9,6,0,640.95
148,1,2,999.4,1004.3,117.0,2.0,22.8,97.0,3.1,9,6,20,306.12
149,1,2,999.4,1004.3,117.0,2.0,22.8,97.0,3.1,9,6,40,377.38
150,1,3,999.4,1004.3,117.0,2.0,22.8,97.0,3.1,8,6,0,443.47
151,1,3,999.4,1004.3,117.0,2.0,22.8,97.0,3.1,8,6,20,244.97
152,1,3,999.4,1004.3,117.0,2.0,22.8,97.0,3.1,8,6,40,131.41
153,1,3,999.4,1004.3,117.0,2.0,22.8,97.0,3.1,9,6,0,641.04
154,1,3,999.4,1004.3,117.0,2.0,22.8,97.0,3.1,9,6,20,668.38
155,1,3,999.4,1004.3,117.0,2.0,22.8,97.0,3.1,9,6,40,605.73
156,2,1,999.4,1004.3,117.0,2.0,22.8,97.0,3.1,8,6,0,353.56
157,2,1,999.4,1004.3,117.0,2.0,22.8,97.0,3.1,8,6,20,35.91
158,2,1,999.4,1004.3,117.0,2.0,22.8,97.0,3.1,8,6,40,507.65
159,2,1,999.4,1004.3,117.0,2.0,22.8,97.0,3.1,9,6,0,111.32
160,2,1,999.4,1004.3,117.0,2.0,22.8,97.0,3.1,9,6,20,793.58
161,2,1,999.4,1004.3,117.0,2.0,22.8,97.0,3.1,9,6,40,191.64
162,2,3,999.4,1004.3,117.0,2.0,22.8,97.0,3.1,8,6,0,265.24
163,2,3,999.4,1004.3,117.0,2.0,22.8,97.0,3.1,8,6,20,540.53
164,2,3,999.4,1004.3,117.0,2.0,22.8,97.0,3.1,8,6,40,236.79
165,2,3,999.4,1004.3,117.0,2.0,22.8,97.0,3.1,9,6,0,359.14
166,2,3,999.4,1004.3,117.0,2.0,22.8,97.0,3.1,9,6,20,431.05
167,2,3,999.4,1004.3,117.0,2.0,22.8,97.0,3.1,9,6,40,701.9
168,3,1,999.4,1004.3,117.0,2.0,22.8,97.0,3.1,8,6,0,193.04
169,3,1,999.4,1004.3,117.0,2.0,22.8,97.0,3.1,8,6,20,645.46
170,3,1,999.4,1004.3,117.0,2.0,22.8,97.0,3.1,8,6,40,287.92
171,3,1,999.4,1004.3,117.0,2.0,22.8,97.0,3.1,9,6,0,277.03
172,3,1,999.4,1004.3,117.0,2.0,22.8,97.0,3.1,9,6,20,304.77
173,3,1,999.4,1004.3,117.0,2.0,22.8,97.0,3.1,9,6,40,716.04
174,3,3,999.4,1004.3,117.0,2.0,22.8,97.0,3.1,8,6,0,475.47
175,3,3,999.4,1004.3,117.0,2.0,22.8,97.0,3.1,8,6,20,238.54
176,3,3,999.4,1004.3,117.0,2.0,22.8,97.0,3.1,8,6,40,224.05
177,3,3,999.4,1004.3,117.0,2.0,22.8,97.0,3.1,9,6,0,163.16
178,3,3,999.4,1004.3,117.0,2.0,22.8,97.0,3.1,9,6,20,178.43
179,3,3,999.4,1004.3,117.0,2.0,22.8,97.0,3.1,9,6,40,433.88
180,1,2,1009.9,1014.9,344.0,1.9,20.4,87.0,0.0,8,7,0,730.58
181,1,2,1009.9,1014.9,344.0,1.9,20.4,87.0,0.0,8,7,20,498.97
182,1,2,1009.9,1014.9,344.0,1.9,20.4,87.0,0.0,8,7,40,426.61
183,1,2,1009.9,1014.9,344.0,1.9,20.4,87.0,0.0,9,7,0,717.12
184,1,2,1009.9,1014.9,344.0,1.9,20.4,87.0,0.0,9,7,20,474.32
185,1,2,1009.9,1014.9,344.0,1.9,20.4,87.0,0.0,9,7,40,324.1
186,1,3,1009.9,1014.9,344.0,1.9,20.4,87.0,0.0,8,7,0,74.13
187,1,3,1009.9,1014.9,344.0,1.9,20.4,87.0,0.0,8,7,20,680.94
188,1,3,1009.9,1014.9,344.0,1.9,20.4,87.0,0.0,8,7,40,212.75
189,1,3,1009.9,1014.9,344.0,1.9,20.4,87.0,0.0,9,7,0,43.47
190,1,3,1009.9,1014.9,344.0,1.9,20.4,87.0,0.0,9,7,20,415.92
191,1,3,1009.9,1014.9,344.0,1.9,20.4,87.0,0.0,9,7,40,709.27
192,2,1,1009.9,1014.9,344.0,1.9,20.4,87.0,0.0,8,7,0,32.5
193,2,1,1009.9,1014.9,344.0,1.9,20.4,87.0,0.0,8,7,20,417.39
194,2,1,1009.9,1014.9,344.0,1.9,20.4,87.0,0.0,8,7,40,555.48
195,2,1,1009.9,1014.9,344.0,1.9,20.4,87.0,0.0,9,7,0,347.68
196,2,1,1009.9,1014.9,344.0,1.9,20.4,87.0,0.0,9,7,20,772.43
197,2,1,1009.9,1014.9,344.0,1.9,20.4,87.0,0.0,9,7,40,108.72
198,2,3,1009.9,1014.9,344.0,1.9,20.4,87.0,0.0,8,7,0,417.96
199,2,3,1009.9,1014.9,344.0,1.9,20.4,87.0,0.0,8,7,20,508.88
200,2,3,1009.9,1014.9,344.0,1.9,20.4,87.0,0.0,8,7,40,382.88
201,2,3,1009.9,1014.9,344.0,1.9,20.4,87.0,0.0,9,7,0,496.56
202,2,3,1009.9,1014.9,344.0,1.9,20.4,87.0,0.0,9,7,20,193.15
203,2,3,1009.9,1014.9,344.0,1.9,20.4,87.0,0.0,9,7,40,254.65
204,3,1,1009.9,1014.9,344.0,1.9,20.4,87.0,0.0,8,7,0,582.7
205,3,1,1009.9,1014.9,344.0,1.9,20.4,87.0,0.0,8,7,20,42.56
206,3,1,1009.9,1014.9,344.0,1.9,20.4,87.0,0.0,8,7,40,84.35
207,3,1,1009.9,1014.9,344.0,1.9,20.4,87.0,0.0,9,7,0,551.28
208,3,1,1009.9,1014.9,344.0,1.9,20.4,87.0,0.0,9,7,20,799.81
209,3,1,1009.9,1014.9,344.0,1.9,20.4,87.0,0.0,9,7,40,707.39
210,3,3,1009.9,1014.9,344.0,1.9,20.4,87.0,0.0,8,7,0,738.15
211,3,3,1009.9,1014.9,344.0,1.9,20.4,87.0,0.0,8,7,20,422.04
212,3,3,1009.9,1014.9,344.0,1.9,20.4,87.0,0.0,8,7,40,746.61
213,3,3,1009.9,1014.9,344.0,1.9,20.4,87.0,0.0,9,7,0,218.58
214,3,3,1009.9,1014.9,344.0,1.9,20.4,87.0,0.0,9,7,20,351.59
215,3,3,1009.9,1014.9,344.0,1.9,20.4,87.0,0.0,9,7,40,208.77
216,1,2,1007.3,1012.3,133.0,0.9,23.5,79.0,0.0,8,1,0,767.0
217,1,2,1007.3,1012.3,133.0,0.9,23.5,79.0,0.0,8,1,20,164.69
218,1,2,1007.3,1012.3,133.0,0.9,23.5,79.0,0.0,8,1,40,408.97
219,1,2,1007.3,1012.3,133.0,0.9,23.5,79.0,0.0,9,1,0,546.08
220,1,2,1007.3,1012.3,133.0,0.9,23.5,79.0,0.0,9,1,20,314.55
221,1,2,1007.3,1012.3,133.0,0.9,23.5,79.0,0.0,9,1,40,738.45
222,1,3,1007.3,1012.3,133.0,0.9,23.5,79.0,0.0,8,1,0,43.57
223,1,3,1007.3,1012.3,133.0,0.9,23.5,79.0,0.0,8,1,20,227.41
224,1,3,1007.3,1012.3,133.0,0.9,23.5,79.0,0.0,8,1,40,272.43
225,1,3,1007.3,1012.3,133.0,0.9,23.5,79.0,0.0,9,1,0,283.76
226,1,3,1007.3,1012.3,133.0,0.9,23.5,79.0,0.0,9,1,20,547.64
227,1,3,1007.3,1012.3,133.0,0.9,23.5,79.0,0.0,9,1,40,157.63
228,2,1,1007.3,1012.3,133.0,0.9,23.5,79.0,0.0,8,1,0,94.13
229,2,1,1007.3,1012.3,133.0,0.9,23.5,79.0,0.0,8,1,20,682.39
230,2,1,1007.3,1012.3,133.0,0.9,23.5,79.0,0.0,8,1,40,535.87
231,2,1,1007.3,1012.3,133.0,0.9,23.5,79.0,0.0,9,1,0,530.35
232,2,1,1007.3,1012.3,133.0,0.9,23.5,79.0,0.0,9,1,20,680.03
233,2,1,1007.3,1012.3,133.0,0.9,23.5,79.0,0.0,9,1,40,647.68
234,2,3,1007.3,1012.3,133.0,0.9,23.5,79.0,0.0,8,1,0,475.94
235,2,3,1007.3,1012.3,133.0,0.9,23.5,79.0,0.0,8,1,20,473.15
236,2,3,1007.3,1012.3,133.0,0.9,23.5,79.0,0.0,8,1,40,681.65
237,2,3,1007.3,1012.3,133.0,0.9,23.5,79.0,0.0,9,1,0,707.82
238,2,3,1007.3,1012.3,133.0,0.9,23.5,79.0,0.0,9,1,20,705.68
239,2,3,1007.3,1012.3,133.0,0.9,23.5,79.0,0.0,9,1,40,104.19
240,3,1,1007.3,1012.3,133.0,0.9,23.5,79.0,0.0,8,1,0,756.98
241,3,1,1007.3,1012.3,133.0,0.9,23.5,79.0,0.0,8,1,20,432.67
242,3,1,1007.3,1012.3,133.0,0.9,23.5,79.0,0.0,8,1,40,191.97
243,3,1,1007.3,1012.3,133.0,0.9,23.5,79.0,0.0,9,1,0,390.39
244,3,1,1007.3,1012.3,133.0,0.9,23.5,79.0,0.0,9,1,20,436.55
245,3,1,1007.3,1012.3,133.0,0.9,23.5,79.0,0.0,9,1,40,366.95
246,3,3,1007.3,1012.3,133.0,0.9,23.5,79.0,0.0,8,1,0,133.1
247,3,3,1007.3,1012.3,133.0,0.9,23.5,79.0,0.0,8,1,20,510.39
248,3,3,1007.3,1012.3,133.0,0.9,23.5,79.0,0.0,8,1,40,514.81
249,3,3,1007.3,1012.3,133.0,0.9,23.5,79.0,0.0,9,1,0,456.04
250,3,3,1007.3,1012.3,133.0,0.9,23.5,79.0,0.0,9,1,20,748.23
251,3,3,1007.3,1012.3,133.0,0.9,23.5,79.0,0.0,9,1,40,351.58
252,1,2,1012.1,1017.1,125.0,2.3,20.0,96.0,1.3,17,2,0,20.49
253,1,2,1012.1,1017.1,125.0,2.3,20.0,96.0,1.3,17,2,20,156.09
254,1,2,1012.1,1017.1,125.0,2.3,20.0,96.0,1.3,17,2,40,761.02
255,1,2,1012.1,1017.1,125.0,2.3,20.0,96.0,1.3,18,2,0,142.47
256,1,2,1012.1,1017.1,125.0,2.3,20.0,96.0,1.3,18,2,20,325.15
257,1,2,1012.1,1017.1,125.0,2.3,20.0,96.0,1.3,18,2,40,530.13
258,1,3,1012.1,1017.1,125.0,2.3,20.0,96.0,1.3,17,2,0,56.41
259,1,3,1012.1,1017.1,125.0,2.3,20.0,96.0,1.3,17,2,20,178.66
260,1,3,1012.1,1017.1,125.0,2.3,20.0,96.0,1.3,17,2,40,166.32
261,1,3,1012.1,1017.1,125.0,2.3,20.0,96.0,1.3,18,2,0,346.05
262,1,3,1012.1,1017.1,125.0,2.3,20.0,96.0,1.3,18,2,20,702.28
263,1,3,1012.1,1017.1,125.0,2.3,20.0,96.0,1.3,18,2,40,706.15
264,2,1,1012.1,1017.1,125.0,2.3,20.0,96.0,1.3,17,2,0,714.16
265,2,1,1012.1,1017.1,125.0,2.3,20.0,96.0,1.3,17,2,20,55.88
266,2,1,1012.1,1017.1,125.0,2.3,20.0,96.0,1.3,17,2,40,362.13
267,2,1,1012.1,1017.1,125.0,2.3,20.0,96.0,1.3,18,2,0,780.64
268,2,1,1012.1,1017.1,125.0,2.3,20.0,96.0,1.3,18,2,20,471.46
269,2,1,1012.1,1017.1,125.0,2.3,20.0,96.0,1.3,18,2,40,420.07
270,2,3,1012.1,1017.1,125.0,2.3,20.0,96.0,1.3,17,2,0,451.15
271,2,3,1012.1,1017.1,125.0,2.3,20.0,96.0,1.3,17,2,20,57.81
272,2,3,1012.1,1017.1,125.0,2.3,20.0,96.0,1.3,17,2,40,718.31
273,2,3,1012.1,1017.1,125.0,2.3,20.0,96.0,1.3,18,2,0,767.73
274,2,3,1012.1,1017.1,125.0,2.3,20.0,96.0,1.3,18,2,20,782.26
275,2,3,1012.1,1017.1,125.0,2.3,20.0,96.0,1.3,18,2,40,298.89
276,3,1,1012.1,1017.1,125.0,2.3,20.0,96.0,1.3,17,2,0,82.85
277,3,1,1012.1,1017.1,125.0,2.3,20.0,96.0,1.3,17,2,20,53.57
278,3,1,1012.1,1017.1,125.0,2.3,20.0,96.0,1.3,17,2,40,291.74
279,3,1,1012.1,1017.1,125.0,2.3,20.0,96.0,1.3,18,2,0,692.04
280,3,1,1012.1,1017.1,125.0,2.3,20.0,96.0,1.3,18,2,20,391.05
281,3,1,1012.1,1017.1,125.0,2.3,20.0,96.0,1.3,18,2,40,789.64
282,3,3,1012.1,1017.1,125.0,2.3,20.0,96.0,1.3,17,2,0,232.39
283,3,3,1012.1,1017.1,125.0,2.3,20.0,96.0,1.3,17,2,20,207.16
284,3,3,1012.1,1017.1,125.0,2.3,20.0,96.0,1.3,17,2,40,788.3
285,3,3,1012.1,1017.1,125.0,2.3,20.0,96.0,1.3,18,2,0,313.43
286,3,3,1012.1,1017.1,125.0,2.3,20.0,96.0,1.3,18,2,20,344.35
287,3,3,1012.1,1017.1,125.0,2.3,20.0,96.0,1.3,18,2,40,728.6
288,1,2,1010.1,1015.1,325.0,0.5,20.7,97.0,0.1,17,3,0,332.83
289,1,2,1010.1,1015.1,325.0,0.5,20.7,97.0,0.1,17,3,20,379.1
290,1,2,1010.1,1015.1,325.0,0.5,20.7,97.0,0.1,17,3,40,116.41
291,1,2,1010.1,1015.1,325.0,0.5,20.7,97.0,0.1,18,3,0,641.31
292,1,2,1010.1,1015.1,325.0,0.5,20.7,97.0,0.1,18,3,20,186.91
293,1,2,1010.1,1015.1,325.0,0.5,20.7,97.0,0.1,18,3,40,349.78
294,1,3,1010.1,1015.1,325.0,0.5,20.7,97.0,0.1,17,3,0,505.03
295,1,3,1010.1,1015.1,325.0,0.5,20.7,97.0,0.1,17,3,20,309.08
296,1,3,1010.1,1015.1,325.0,0.5,20.7,97.0,0.1,17,3,40,567.6
297,1,3,1010.1,1015.1,325.0,0.5,20.7,97.0,0.1,18,3,0,386.02
298,1,3,1010.1,1015.1,325.0,0.5,20.7,97.0,0.1,18,3,20,236.77
299,1,3,1010.1,1015.1,325.0,0.5,20.7,97.0,0.1,18,3,40,687.08
300,2,1,1010.1,1015.1,325.0,0.5,20.7,97.0,0.1,17,3,0,656.27
301,2,1,1010.1,1015.1,325.0,0.5,20.7,97.0,0.1,17,3,20,242.04
302,2,1,1010.1,1015.1,325.0,0.5,20.7,97.0,0.1,17,3,40,41.13
303,2,1,1010.1,1015.1,325.0,0.5,20.7,97.0,0.1,18,3,0,77.63
304,2,1,1010.1,1015.1,325.0,0.5,20.7,97.0,0.1,18,3,20,168.56
305,2,1,1010.1,1015.1,325.0,0.5,20.7,97.0,0.1,18,3,40,656.18
306,2,3,1010.1,1015.1,325.0,0.5,20.7,97.0,0.1,17,3,0,385.67
307,2,3,1010.1,1015.1,325.0,0.5,20.7,97.0,0.1,17,3,20,99.01
308,2,3,1010.1,1015.1,325.0,0.5,20.7,97.0,0.1,17,3,40,680.96
309,2,3,1010.1,1015.1,325.0,0.5,20.7,97.0,0.1,18,3,0,371.43
310,2,3,1010.1,1015.1,325.0,0.5,20.7,97.0,0.1,18,3,20,198.0
311,2,3,1010.1,1015.1,325.0,0.5,20.7,97.0,0.1,18,3,40,723.11
312,3,1,1010.1,1015.1,325.0,0.5,20.7,97.0,0.1,17,3,0,616.21
313,3,1,1010.1,1015.1,325.0,0.5,20.7,97.0,0.1,17,3,20,627.52
314,3,1,1010.1,1015.1,325.0,0.5,20.7,97.0,0.1,17,3,40,752.32
315,3,1,1010.1,1015.1,325.0,0.5,20.7,97.0,0.1,18,3,0,703.93
316,3,1,1010.1,1015.1,325.0,0.5,20.7,97.0,0.1,18,3,20,116.12
317,3,1,1010.1,1015.1,325.0,0.5,20.7,97.0,0.1,18,3,40,205.9
318,3,3,1010.1,1015.1,325.0,0.5,20.7,97.0,0.1,17,3,0,374.33
319,3,3,1010.1,1015.1,325.0,0.5,20.7,97.0,0.1,17,3,20,610.49
320,3,3,1010.1,1015.1,325.0,0.5,20.7,97.0,0.1,17,3,40,423.57
321,3,3,1010.1,1015.1,325.0,0.5,20.7,97.0,0.1,18,3,0,403.44
322,3,3,1010.1,1015.1,325.0,0.5,20.7,97.0,0.1,18,3,20,631.39
323,3,3,1010.1,1015.1,325.0,0.5,20.7,97.0,0.1,18,3,40,224.41
324,1,2,1007.3,1012.3,94.0,1.6,21.7,93.0,0.0,17,4,0,516.04
325,1,2,1007.3,1012.3,94.0,1.6,21.7,93.0,0.0,17,4,20,496.51
326,1,2,1007.3,1012.3,94.0,1.6,21.7,93.0,0.0,17,4,40,46.76
327,1,2,1007.3,1012.3,94.0,1.6,21.7,93.0,0.0,18,4,0,550.79
328,1,2,1007.3,1012.3,94.0,1.6,21.7,93.0,0.0,18,4,20,676.84
329,1,2,1007.3,1012.3,94.0,1.6,21.7,93.0,0.0,18,4,40,617.07
330,1,3,1007.3,1012.3,94.0,1.6,21.7,93.0,0.0,17,4,0,461.53
331,1,3,1007.3,1012.3,94.0,1.6,21.7,93.0,0.0,17,4,20,478.04
332,1,3,1007.3,1012.3,94.0,1.6,21.7,93.0,0.0,17,4,40,767.95
333,1,3,1007.3,1012.3,94.0,1.6,21.7,93.0,0.0,18,4,0,336.16
334,1,3,1007.3,1012.3,94.0,1.6,21.7,93.0,0.0,18,4,20,658.98
335,1,3,1007.3,1012.3,94.0,1.6,21.7,93.0,0.0,18,4,40,510.57
336,2,1,1007.3,1012.3,94.0,1.6,21.7,93.0,0.0,17,4,0,175.34
337,2,1,1007.3,1012.3,94.0,1.6,21.7,93.0,0.0,17,4,20,318.35
338,2,1,1007.3,1012.3,94.0,1.6,21.7,93.0,0.0,17,4,40,301.3
339,2,1,1007.3,1012.3,94.0,1.6,21.7,93.0,0.0,18,4,0,794.17
340,2,1,1007.3,1012.3,94.0,1.6,21.7,93.0,0.0,18,4,20,479.45
341,2,1,1007.3,1012.3,94.0,1.6,21.7,93.0,0.0,18,4,40,795.9
342,2,3,1007.3,1012.3,94.0,1.6,21.7,93.0,0.0,17,4,0,596.56
343,2,3,1007.3,1012.3,94.0,1.6,21.7,93.0,0.0,17,4,20,779.0
344,2,3,1007.3,1012.3,94.0,1.6,21.7,93.0,0.0,17,4,40,198.16
345,2,3,1007.3,1012.3,94.0,1.6,21.7,93.0,0.0,18,4,0,701.74
346,2,3,1007.3,1012.3,94.0,1.6,21.7,93.0,0.0,18,4,20,200.32
347,2,3,1007.3,1012.3,94.0,1.6,21.7,93.0,0.0,18,4,40,687.43
348,3,1,1007.3,1012.3,94.0,1.6,21.7,93.0,0.0,17,4,0,505.02
349,3,1,1007.3,1012.3,94.0,1.6,21.7,93.0,0.0,17,4,20,776.69
350,3,1,1007.3,1012.3,94.0,1.6,21.7,93.0,0.0,17,4,40,208.18
351,3,1,1007.3,1012.3,94.0,1.6,21.7,93.0,0.0,18,4,0,126.38
352,3,1,1007.3,1012.3,94.0,1.6,21.7,93.0,0.0,18,4,20,47.75
353,3,1,1007.3,1012.3,94.0,1.6,21.7,93.0,0.0,18,4,40,625.13
354,3,3,1007.3,1012.3,94.0,1.6,21.7,93.0,0.0,17,4,0,657.24
355,3,3,1007.3,1012.3,94.0,1.6,21.7,93.0,0.0,17,4,20,71.66
356,3,3,1007.3,1012.3,94.0,1.6,21.7,93.0,0.0,17,4,40,390.83
357,3,3,1007.3,1012.3,94.0,1.6,21.7,93.0,0.0,18,4,0,559.06
358,3,3,1007.3,1012.3,94.0,1.6,21.7,93.0,0.0,18,4,20,331.23
359,3,3,1007.3,1012.3,94.0,1.6,21.7,93.0,0.0,18,4,40,743.05
360,1,2,1005.3,1010.3,342.0,2.5,21.0,98.0,1.3,17,5,0,774.31
361,1,2,1005.3,1010.3,342.0,2.5,21.0,98.0,1.3,17,5,20,693.38
362,1,2,1005.3,1010.3,342.0,2.5,21.0,98.0,1.3,17,5,40,220.94
363,1,2,1005.3,1010.3,342.0,2.5,21.0,98.0,1.3,18,5,0,554.84
364,1,2,1005.3,1010.3,342.0,2.5,21.0,98.0,1.3,18,5,20,174.14
365,1,2,1005.3,1010.3,342.0,2.5,21.0,98.0,1.3,18,5,40,90.09
366,1,3,1005.3,1010.3,342.0,2.5,21.0,98.0,1.3,17,5,0,681.26
367,1,3,1005.3,1010.3,342.0,2.5,21.0,98.0,1.3,17,5,20,513.32
368,1,3,1005.3,1010.3,342.0,2.5,21.0,98.0,1.3,17,5,40,488.85
369,1,3,1005.3,1010.3,342.0,2.5,21.0,98.0,1.3,18,5,0,576.34
370,1,3,1005.3,1010.3,342.0,2.5,21.0,98.0,1.3,18,5,20,621.4
371,1,3,1005.3,1010.3,342.0,2.5,21.0,98.0,1.3,18,5,40,162.99
372,2,1,1005.3,1010.3,342.0,2.5,21.0,98.0,1.3,17,5,0,492.23
373,2,1,1005.3,1010.3,342.0,2.5,21.0,98.0,1.3,17,5,20,612.93
374,2,1,1005.3,1010.3,342.0,2.5,21.0,98.0,1.3,17,5,40,172.9
375,2,1,1005.3,1010.3,342.0,2.5,21.0,98.0,1.3,18,5,0,389.36
376,2,1,1005.3,1010.3,342.0,2.5,21.0,98.0,1.3,18,5,20,463.61
377,2,1,1005.3,1010.3,342.0,2.5,21.0,98.0,1.3,18,5,40,326.32
378,2,3,1005.3,1010.3,342.0,2.5,21.0,98.0,1.3,17,5,0,780.76
379,2,3,1005.3,1010.3,342.0,2.5,21.0,98.0,1.3,17,5,20,255.91
380,2,3,1005.3,1010.3,342.0,2.5,21.0,98.0,1.3,17,5,40,527.4
381,2,3,1005.3,1010.3,342.0,2.5,21.0,98.0,1.3,18,5,0,255.11
382,2,3,1005.3,1010.3,342.0,2.5,21.0,98.0,1.3,18,5,20,492.8
383,2,3,1005.3,1010.3,342.0,2.5,21.0,98.0,1.3,18,5,40,573.41
384,3,1,1005.3,1010.3,342.0,2.5,21.0,98.0,1.3,17,5,0,278.73
385,3,1,1005.3,1010.3,342.0,2.5,21.0,98.0,1.3,17,5,20,55.62
386,3,1,1005.3,1010.3,342.0,2.5,21.0,98.0,1.3,17,5,40,62.47
387,3,1,1005.3,1010.3,342.0,2.5,21.0,98.0,1.3,18,5,0,236.19
388,3,1,1005.3,1010.3,342.0,2.5,21.0,98.0,1.3,18,5,20,762.52
389,3,1,1005.3,1010.3,342.0,2.5,21.0,98.0,1.3,18,5,40,230.61
390,3,3,1005.3,1010.3,342.0,2.5,21.0,98.0,1.3,17,5,0,297.78
391,3,3,1005.3,1010.3,342.0,2.5,21.0,98.0,1.3,17,5,20,269.7
392,3,3,1005.3,1010.3,342.0,2.5,21.0,98.0,1.3,17,5,40,533.29
393,3,3,1005.3,1010.3,342.0,2.5,21.0,98.0,1.3,18,5,0,611.21
394,3,3,1005.3,1010.3,342.0,2.5,21.0,98.0,1.3,18,5,20,605.76
395,3,3,1005.3,1010.3,342.0,2.5,21.0,98.0,1.3,18,5,40,608.09
396,1,2,1005.3,1010.3,0.0,6.0,20.8,95.0,0.0,17,6,0,224.82
397,1,2,1005.3,1010.3,0.0,6.0,20.8,95.0,0.0,17,6,20,218.01
398,1,2,1005.3,1010.3,0.0,6.0,20.8,95.0,0.0,17,6,40,512.16
399,1,2,1005.3,1010.3,0.0,6.0,20.8,95.0,0.0,18,6,0,456.27
400,1,2,1005.3,1010.3,0.0,6.0,20.8,95.0,0.0,18,6,20,436.85
401,1,2,1005.3,1010.3,0.0,6.0,20.8,95.0,0.0,18,6,40,123.11
402,1,3,1005.3,1010.3,0.0,6.0,20.8,95.0,0.0,17,6,0,773.08
403,1,3,1005.3,1010.3,0.0,6.0,20.8,95.0,0.0,17,6,20,138.23
404,1,3,1005.3,1010.3,0.0,6.0,20.8,95.0,0.0,17,6,40,259.03
405,1,3,1005.3,1010.3,0.0,6.0,20.8,95.0,0.0,18,6,0,272.13
406,1,3,1005.3,1010.3,0.0,6.0,20.8,95.0,0.0,18,6,20,555.05
407,1,3,1005.3,1010.3,0.0,6.0,20.8,95.0,0.0,18,6,40,631.96
408,2,1,1005.3,1010.3,0.0,6.0,20.8,95.0,0.0,17,6,0,436.16
409,2,1,1005.3,1010.3,0.0,6.0,20.8,95.0,0.0,17,6,20,48.49
410,2,1,1005.3,1010.3,0.0,6.0,20.8,95.0,0.0,17,6,40,22.91
411,2,1,1005.3,1010.3,0.0,6.0,20.8,95.0,0.0,18,6,0,135.93
412,2,1,1005.3,1010.3,0.0,6.0,20.8,95.0,0.0,18,6,20,21.35
413,2,1,1005.3,1010.3,0.0,6.0,20.8,95.0,0.0,18,6,40,195.61
414,2,3,1005.3,1010.3,0.0,6.0,20.8,95.0,0.0,17,6,0,683.82
415,2,3,1005.3,1010.3,0.0,6.0,20.8,95.0,0.0,17,6,20,579.51
416,2,3,1005.3,1010.3,0.0,6.0,20.8,95.0,0.0,17,6,40,370.32
417,2,3,1005.3,1010.3,0.0,6.0,20.8,95.0,0.0,18,6,0,583.17
418,2,3,1005.3,1010.3,0.0,6.0,20.8,95.0,0.0,18,6,20,483.32
419,2,3,1005.3,1010.3,0.0,6.0,20.8,95.0,0.0,18,6,40,312.53
420,3,1,1005.3,1010.3,0.0,6.0,20.8,95.0,0.0,17,6,0,388.39
421,3,1,1005.3,1010.3,0.0,6.0,20.8,95.0,0.0,17,6,20,287.29
422,3,1,1005.3,1010.3,0.0,6.0,20.8,95.0,0.0,17,6,40,228.77
423,3,1,1005.3,1010.3,0.0,6.0,20.8,95.0,0.0,18,6,0,166.85
424,3,1,1005.3,1010.3,0.0,6.0,20.8,95.0,0.0,18,6,20,245.35
425,3,1,1005.3,1010.3,0.0,6.0,20.8,95.0,0.0,18,6,40,604.09
426,3,3,1005.3,1010.3,0.0,6.0,20.8,95.0,0.0,17,6,0,772.61
427,3,3,1005.3,1010.3,0.0,6.0,20.8,95.0,0.0,17,6,20,379.59
428,3,3,1005.3,1010.3,0.0,6.0,20.8,95.0,0.0,17,6,40,653.98
429,3,3,1005.3,1010.3,0.0,6.0,20.8,95.0,0.0,18,6,0,59.01
430,3,3,1005.3,1010.3,0.0,6.0,20.8,95.0,0.0,18,6,20,127.81
431,3,3,1005.3,1010.3,0.0,6.0,20.8,95.0,0.0,18,6,40,652.77
432,1,2,1011.0,1016.0,43.0,0.8,19.3,92.0,0.0,17,7,0,448.54
433,1,2,1011.0,1016.0,43.0,0.8,19.3,92.0,0.0,17,7,20,349.11
434,1,2,1011.0,1016.0,43.0,0.8,19.3,92.0,0.0,17,7,40,430.09
435,1,2,1011.0,1016.0,43.0,0.8,19.3,92.0,0.0,18,7,0,184.86
436,1,2,1011.0,1016.0,43.0,0.8,19.3,92.0,0.0,18,7,20,99.69
437,1,2,1011.0,1016.0,43.0,0.8,19.3,92.0,0.0,18,7,40,230.8
438,1,3,1011.0,1016.0,43.0,0.8,19.3,92.0,0.0,17,7,0,604.9
439,1,3,1011.0,1016.0,43.0,0.8,19.3,92.0,0.0,17,7,20,722.28
440,1,3,1011.0,1016.0,43.0,0.8,19.3,92.0,0.0,17,7,40,267.91
441,1,3,1011.0,1016.0,43.0,0.8,19.3,92.0,0.0,18,7,0,451.12
442,1,3,1011.0,1016.0,43.0,0.8,19.3,92.0,0.0,18,7,20,390.61
443,1,3,1011.0,1016.0,43.0,0.8,19.3,92.0,0.0,18,7,40,83.52
444,2,1,1011.0,1016.0,43.0,0.8,19.3,92.0,0.0,17,7,0,328.74
445,2,1,1011.0,1016.0,43.0,0.8,19.3,92.0,0.0,17,7,20,700.35
446,2,1,1011.0,1016.0,43.0,0.8,19.3,92.0,0.0,17,7,40,168.58
447,2,1,1011.0,1016.0,43.0,0.8,19.3,92.0,0.0,18,7,0,345.81
448,2,1,1011.0,1016.0,43.0,0.8,19.3,92.0,0.0,18,7,20,161.84
449,2,1,1011.0,1016.0,43.0,0.8,19.3,92.0,0.0,18,7,40,308.37
450,2,3,1011.0,1016.0,43.0,0.8,19.3,92.0,0.0,17,7,0,226.11
451,2,3,1011.0,1016.0,43.0,0.8,19.3,92.0,0.0,17,7,20,40.85
452,2,3,1011.0,1016.0,43.0,0.8,19.3,92.0,0.0,17,7,40,24.97
453,2,3,1011.0,1016.0,43.0,0.8,19.3,92.0,0.0,18,7,0,286.77
454,2,3,1011.0,1016.0,43.0,0.8,19.3,92.0,0.0,18,7,20,252.69
455,2,3,1011.0,1016.0,43.0,0.8,19.3,92.0,0.0,18,7,40,610.84
456,3,1,1011.0,1016.0,43.0,0.8,19.3,92.0,0.0,17,7,0,239.72
457,3,1,1011.0,1016.0,43.0,0.8,19.3,92.0,0.0,17,7,20,419.64
458,3,1,1011.0,1016.0,43.0,0.8,19.3,92.0,0.0,17,7,40,34.53
459,3,1,1011.0,1016.0,43.0,0.8,19.3,92.0,0.0,18,7,0,413.23
460,3,1,1011.0,1016.0,43.0,0.8,19.3,92.0,0.0,18,7,20,58.85
461,3,1,1011.0,1016.0,43.0,0.8,19.3,92.0,0.0,18,7,40,282.06
462,3,3,1011.0,1016.0,43.0,0.8,19.3,92.0,0.0,17,7,0,324.3
463,3,3,1011.0,1016.0,43.0,0.8,19.3,92.0,0.0,17,7,20,257.89
464,3,3,1011.0,1016.0,43.0,0.8,19.3,92.0,0.0,17,7,40,660.74
465,3,3,1011.0,1016.0,43.0,0.8,19.3,92.0,0.0,18,7,0,652.06
466,3,3,1011.0,1016.0,43.0,0.8,19.3,92.0,0.0,18,7,20,246.43
467,3,3,1011.0,1016.0,43.0,0.8,19.3,92.0,0.0,18,7,40,486.65
468,1,2,1007.3,1012.3,226.0,3.0,20.7,94.0,0.0,17,1,0,220.4
469,1,2,1007.3,1012.3,226.0,3.0,20.7,94.0,0.0,17,1,20,60.17
470,1,2,1007.3,1012.3,226.0,3.0,20.7,94.0,0.0,17,1,40,208.76
471,1,2,1007.3,1012.3,226.0,3.0,20.7,94.0,0.0,18,1,0,227.31
472,1,2,1007.3,1012.3,226.0,3.0,20.7,94.0,0.0,18,1,20,277.06
473,1,2,1007.3,1012.3,226.0,3.0,20.7,94.0,0.0,18,1,40,517.01
474,1,3,1007.3,1012.3,226.0,3.0,20.7,94.0,0.0,17,1,0,538.44
475,1,3,1007.3,1012.3,226.0,3.0,20.7,94.0,0.0,17,1,20,504.09
476,1,3,1007.3,1012.3,226.0,3.0,20.7,94.0,0.0,17,1,40,501.68
477,1,3,1007.3,1012.3,226.0,3.0,20.7,94.0,0.0,18,1,0,31.39
478,1,3,1007.3,1012.3,226.0,3.0,20.7,94.0,0.0,18,1,20,126.24
479,1,3,1007.3,1012.3,226.0,3.0,20.7,94.0,0.0,18,1,40,400.39
480,2,1,1007.3,1012.3,226.0,3.0,20.7,94.0,0.0,17,1,0,477.07
481,2,1,1007.3,1012.3,226.0,3.0,20.7,94.0,0.0,17,1,20,520.11
482,2,1,1007.3,1012.3,226.0,3.0,20.7,94.0,0.0,17,1,40,705.6
483,2,1,1007.3,1012.3,226.0,3.0,20.7,94.0,0.0,18,1,0,714.47
484,2,1,1007.3,1012.3,226.0,3.0,20.7,94.0,0.0,18,1,20,572.81
485,2,1,1007.3,1012.3,226.0,3.0,20.7,94.0,0.0,18,1,40,633.55
486,2,3,1007.3,1012.3,226.0,3.0,20.7,94.0,0.0,17,1,0,542.78
487,2,3,1007.3,1012.3,226.0,3.0,20.7,94.0,0.0,17,1,20,516.83
488,2,3,1007.3,1012.3,226.0,3.0,20.7,94.0,0.0,17,1,40,707.16
489,2,3,1007.3,1012.3,226.0,3.0,20.7,94.0,0.0,18,1,0,68.16
490,2,3,1007.3,1012.3,226.0,3.0,20.7,94.0,0.0,18,1,20,674.98
491,2,3,1007.3,1012.3,226.0,3.0,20.7,94.0,0.0,18,1,40,357.32
492,3,1,1007.3,1012.3,226.0,3.0,20.7,94.0,0.0,17,1,0,493.19
493,3,1,1007.3,1012.3,226.0,3.0,20.7,94.0,0.0,17,1,20,155.3
494,3,1,1007.3,1012.3,226.0,3.0,20.7,94.0,0.0,17,1,40,470.54
495,3,1,1007.3,1012.3,226.0,3.0,20.7,94.0,0.0,18,1,0,560.95
496,3,1,1007.3,1012.3,226.0,3.0,20.7,94.0,0.0,18,1,20,460.21
497,3,1,1007.3,1012.3,226.0,3.0,20.7,94.0,0.0,18,1,40,610.65
498,3,3,1007.3,1012.3,226.0,3.0,20.7,94.0,0.0,17,1,0,437.11
499,3,3,1007.3,1012.3,226.0,3.0,20.7,94.0,0.0,17,1,20,485.05
500,3,3,1007.3,1012.3,226.0,3.0,20.7,94.0,0.0,17,1,40,83.02
501,3,3,1007.3,1012.3,226.0,3.0,20.7,94.0,0.0,18,1,0,748.61
502,3,3,1007.3,1012.3,226.0,3.0,20.7,94.0,0.0,18,1,20,623.45
503,3,3,1007.3,1012.3,226.0,3.0,20.7,94.0,0.0,18,1,40,559.67
